id,predicted_restatement,introduced_terms
item_1bc661fd8c58df73,the the the the the the the the the the the the the the the the the the the the the the the the the the the the the the the the the the the the the the the the the the the the the the the the the the the the the the,action;alongside;calculating;common;comparing;currencies;de;every;example;explanation;find;floor;identifiers;linear;monitoring;nine;parsing;perform;performance;polar;presentation;real;recall;reduce;related;restriction;specifically;specifying;statement;suited;symmetric;template;toward;triangles
item_cbe5a5c8365b9bf9,1 1 1 1 1 1 1 1 1 1 1 1 1 1 1 1 1 1 1 1 1 1 1 1 1 1 1 1 1 1 1 1 1 1 1 1 1 1 1 1 1 1 1 1 1 1 1 1 1 1 1 1 1 1,action;alongside;arrangements;bound;calculated;calculating;characters;clearly;common;de;decided;every;flag;floor;groups;identifiers;linear;nine;parsing;perform;performance;polar;presentation;real;reduce;reflects;related;relying;restriction;statement;suited;template;toward;triangles
item_ff31b53ef0221fc0,all all all all all all all all all all all all all all all all all all all all all all all all all all all all all all all all all all all all all all all all all all all all all all all all all all all all all all,action;alongside;based;calculating;characters;common;comparing;currencies;de;decided;details;encouraging;equals;every;examining;explanation;floor;handling;helper;identifiers;modulo;only;parsing;performance;plus;polar;presentation;recall;reduce;related;statement;success;suited;triangles
item_607422886df705c2,to to to to to to to to to to to to to to to to to to to to to to to to to to to to to to to to to to to to to to to to to to to to to to to to to to to to to to,action;alongside;arrangements;assess;based;calculating;common;conditionally;de;empty;encouraging;every;few;floor;identifiers;monitoring;nine;parsing;perform;performance;polar;presentation;recall;reduce;reflected;relying;sets;statement;suited;summary;template;toward;triangles;validation
item_468115d37b883eac,the the the the the the the the the the the the the the the the the the the the the the the the the the the the the the the the the the the the the the the the the the the the the the the the the the the the the the,calculating;characters;common;comparing;configuration;confirming;de;equals;every;explanation;find;floor;insights;linear;parsing;performance;plus;polar;presentation;question;real;recall;reduce;reflects;related;relying;since;specifically;statement;success;suited;symmetric;threshold;triangles
item_bb243bdcccf50f08,the the the the the the the the the the the the the the the the the the the the the the the the the the the the the the the the the the the the the the the the the the the the the the the the the the the the the the,action;alongside;applied;based;common;comparing;conditionally;configuration;de;empty;encouraging;every;factored;find;flag;identifiers;modulo;nine;parsing;perform;performance;polar;presentation;real;recall;reduce;reflected;related;relying;statement;suited;summary;template;triangles
item_89b0aa9384456255,the the the the the the the the the the the the the the the the the the the the the the the the the the the the the the the the the the the the the the the the the the the the the the the the the the the the the the,accordingly;action;alongside;calculated;common;confirming;currencies;de;equals;every;examining;example;explanation;floor;identifiers;modulo;nine;parsing;perform;performance;plus;polar;presentation;real;recall;reduce;related;since;statement;success;suited;summary;template;triangles
item_039df3a25b1a48ca,the the the the the the the the the the the the the the the the the the the the the the the the the the the the the the the the the the the the the the the the the the the the the the the the the the the the the the,action;alongside;calculating;characters;common;comparing;configuration;currencies;de;every;explanation;factored;floor;monitoring;nine;only;parsing;perform;performance;plus;polar;presentation;real;recall;reduce;reflected;related;responsible;specifically;statement;suited;summarized;summary;triangles
item_5b2c429a36a05ec8,integers integers integers integers integers integers integers integers integers integers integers integers integers integers integers integers integers integers integers integers integers integers integers integers integers integers integers integers integers integers integers integers integers integers integers integers integers integers integers integers integers integers integers integers integers integers integers integers integers integers integers integers integers integers,action;alongside;bound;characters;common;comparing;conditionally;de;details;every;explanation;helper;identifiers;input;insights;modulo;parsing;perform;performance;plus;polar;presentation;recall;reduce;related;relying;responsible;specifically;statement;success;suited;summary;symmetric;triangles
item_f22dab78a1aa7199,12 12 12 12 12 12 12 12 12 12 12 12 12 12 12 12 12 12 12 12 12 12 12 12 12 12 12 12 12 12 12 12 12 12 12 12 12 12 12 12 12 12 12 12 12 12 12 12 12 12 12 12 12 12,action;alongside;bound;characters;common;de;decided;encouraging;equals;every;few;flag;identifiers;linear;modulo;parsing;perform;performance;polar;presentation;real;recall;reduce;reflected;reflects;related;relying;retrieving;statement;suited;summary;template;toward;undefined
item_19515b73c17a3a9c,tools tools tools tools tools tools tools tools tools tools tools tools tools tools tools tools tools tools tools tools tools tools tools tools tools tools tools tools tools tools tools tools tools tools tools tools tools tools tools tools tools tools tools tools tools tools tools tools tools tools tools tools tools tools,action;alongside;calculating;characters;common;conditionally;configuration;currencies;de;every;explanation;floor;identifiers;linear;modulo;monitoring;nine;parsing;performance;plus;polar;presentation;real;recall;reduce;reflected;reflects;statement;suited;summary;symmetric;threshold;toward;triangles
item_c1858606b521d5ae,tools tools tools tools tools tools tools tools tools tools tools tools tools tools tools tools tools tools tools tools tools tools tools tools tools tools tools tools tools tools tools tools tools tools tools tools tools tools tools tools tools tools tools tools tools tools tools tools tools tools tools tools tools tools,action;alongside;calculating;characters;common;configuration;currencies;de;details;encouraging;equals;every;few;floor;identifiers;modulo;monitoring;nine;parsing;performance;polar;presentation;recall;reduce;reflected;reflects;relying;since;statement;suited;summary;symmetric;toward;triangles
item_d2700dd361e03360,with with with with with with with with with with with with with with with with with with with with with with with with with with with with with with with with with with with with with with with with with with with with with with with with with with with with with with,action;alongside;arrangements;calculating;characters;common;comparing;conditionally;currencies;de;details;equals;every;explanation;floor;identifiers;modulo;monitoring;nine;parsing;performance;polar;presentation;recall;reduce;reflects;related;sides;since;statement;suited;summary;symmetric;triangles
item_bf36cda7de80789e,the the the the the the the the the the the html html html html html html html html html html html html html html html html html html html html html html html html html html html html html html html html html html html html html html html html html html html,action;alongside;calculating;common;de;details;equals;every;examining;example;explanation;find;floor;identifiers;identity;linear;metadata;modulo;nine;parsing;perform;performance;plus;polar;presentation;recall;reduce;related;relying;sets;since;statement;template;triangles
item_1e87018f2ec12e26,the the the the the the the the the the the the the the the the the the the the the the the the the the the the the the the the the the the the the the the the the the the the the the the the the the the the the the,action;alongside;arrangements;calculating;characters;common;de;empty;every;few;flag;identifiers;least;linear;modulo;nine;parsing;performance;polar;presentation;real;reduce;reflected;reflects;related;retrieving;sets;specifically;state;statement;suited;summary;toward;triangles
item_7bc1f57d254ec22b,4 4 4 4 4 4 4 4 4 4 4 4 4 4 4 4 4 4 4 4 4 4 4 4 4 4 4 4 4 4 4 4 4 4 4 4 4 4 4 4 4 4 4 4 4 4 4 4 4 4 4 4 4 4,action;alongside;bound;characters;common;conditionally;de;empty;encouraging;equals;few;flag;identifiers;linear;link;metadata;modulo;nine;parsing;performance;polar;presentation;real;reduce;reflected;reflects;related;relying;retrieving;specifically;statement;suited;toward;triangles
item_01a56ed01daa674c,stability stability stability stability stability stability stability stability stability stability stability stability stability stability stability stability stability stability stability stability stability stability stability stability stability stability stability stability stability stability stability stability stability stability stability stability stability stability stability stability stability stability stability stability stability stability stability stability stability stability stability stability stability stability,action;alongside;characters;common;comparing;configuration;currencies;de;decided;details;encouraging;equals;every;floor;helper;identifiers;linear;nine;only;parsing;performance;plus;polar;presentation;real;recall;reduce;specifying;statement;success;suited;summarized;symmetric;triangles
item_2ab387231c1bdb27,the the the the the the the the the the the the the the the the the the the the the the the the the the the the the the the the the the the the the the the the the the the the the the the the the the the the the the,action;alongside;calculating;characters;common;comparing;conditionally;configuration;currencies;de;decided;every;explanation;floor;identifiers;modulo;monitoring;nine;parsing;performance;polar;presentation;recall;reduce;reflected;reflects;related;since;state;statement;suited;summary;toward;triangles
item_4f6017735b1f7271,digit digit digit digit digit digit digit digit the the the the the the the the the the the the the the the the the the the the the the the the the the the the the the the the the the the the the the the the the the the the the the,action;alongside;based;common;comparing;configuration;currencies;de;decided;efficiently;every;example;floor;helper;identifiers;linear;monitoring;nine;parsing;pause;performance;plus;polar;presentation;recall;reduce;related;relying;specifically;statement;success;suited;symmetric;triangles
item_26ebc1f0854f58ce,the the the the the the the the the the the the the the the the the the the the the the the the the the the the the the the the the the the the the the the the the the the the the the the the the the the the the the,action;alongside;based;calculating;common;comparing;concluded;de;details;efficiently;equals;every;examining;floor;identifiers;identity;input;linear;parsing;perform;performance;polar;presentation;real;recall;reduce;relying;specifying;statement;suited;summary;symmetric;template;triangles
item_3aa2628cf72931af,limit limit limit limit limit limit limit limit limit limit limit limit limit limit limit limit limit limit limit limit limit limit limit limit limit limit limit limit limit limit limit limit limit limit limit limit limit limit limit limit limit limit limit limit limit limit limit limit limit limit limit limit limit limit,action;alongside;arrangements;calculating;common;configuration;de;details;equals;every;explanation;find;identifiers;modulo;monitoring;nine;parsing;performance;polar;presentation;radius;real;recall;reduce;reflected;reflects;related;relying;specifically;statement;suited;template;toward;triangles
item_cd28dac618c6a41a,the the the the the the the the the the the the the the the the the the the the the the the the the the the the the the the the the the the the the the the the the the the the the the the the the the the the the the,accordingly;alongside;based;calculating;common;conditionally;de;every;example;extract;factored;find;floor;modulo;nine;parsing;performance;plus;polar;presentation;real;recall;reduce;related;relying;sets;since;statement;success;suited;summary;symmetric;template;triangles
item_afe0438c828ed330,to to to to to to to to to to to to to to to to to to to to to to to to to to to to to to to to to to to to to to to to to to to to to to to to to to to to to to,action;alongside;block;calculating;characters;common;configuration;currencies;de;decided;equals;every;explanation;find;future;identifiers;linear;nine;parsing;performance;plus;polar;presentation;recall;reduce;related;specifically;specifying;statement;success;suited;summary;symmetric;triangles
item_87453bbaf1d75a07,the the the the the the the the the the the the the the the the the the the the the the the the the the the the the the the the the the the the the the the the the the the the the the the the the the the the the the,action;adjusting;arguments;calculating;characters;common;considered;constructing;data;de;descending;details;direct;floor;handle;identifiers;input;metadata;only;parsing;perform;performance;plus;presentation;real;reduce;reflected;relying;specifically;statement;success;suited;triangles;validation
item_bca2d0b06020ef2b,the the the the the the the the the the the the the the the the the the the the the the the the the the the the the the the the the the the the the the the the the the the the the the the the the the the the the the,action;alongside;based;characters;common;comparing;concluded;de;descending;details;encouraging;equals;every;examining;explanation;floor;input;invalid;linear;modulo;only;parsing;performance;plus;polar;presentation;real;reduce;related;relying;specifying;statement;template;triangles
item_7f635cf40441c1c0,have have have have have have have have have have have have have have have have have have have have have have have have have have have have have have have have have have have have have have have have have have have have have have have have have have have have have have,action;alongside;calculating;characters;common;conditionally;currencies;de;details;every;floor;identifiers;modulo;monitoring;nine;parsing;perform;performance;polar;presentation;radius;real;recall;reduce;reflected;reflects;relying;statement;suited;summary;symmetric;template;toward;triangles
item_01285b681ec633eb,to to to to to to to to to to to to to to to to to to to to to to to to to to to to to to to to to to to to to to to to to to to to to to to to to to to to to to,accordingly;action;alongside;calculating;common;comparing;configuration;currencies;de;equals;every;example;explanation;factored;modulo;monitoring;nine;parsing;performance;polar;presentation;radius;real;recall;reduce;related;relying;specifically;statement;suited;summary;symmetric;toward;triangles
item_335f89721a60348e,for for for for for for for for for for for for for for for for for for for for for for for for for for for for for for for for for for for for for for for for for for for for for for for for for for for for for for,action;adjusting;alongside;based;characters;comparing;currencies;de;descending;details;direct;every;examining;explanation;factored;figures;floor;identifiers;invalid;linear;modulo;parsing;perform;performance;presentation;real;reduce;related;relying;statement;summarized;template;triangles;unrelated
item_3605898db2e8c7a6,the the the the the the the the the the the the the the the the the the the the the the the the the the the the the the the the the the the the the the the the the the the the the the the the the the the the the the,action;alongside;based;calculating;characters;common;configuration;de;encouraging;equals;every;few;flag;floor;identifiers;linear;metadata;modulo;parsing;perform;performance;polar;presentation;real;recall;reduce;reflected;reflects;related;statement;suited;toward;translated;triangles
item_126b873fc0c778a7,to to to to to to to to to to to to to to to to to to to to to to to to to to to to to to to to to to to to to to to to to to to to to to to to to to to to to to,action;alongside;common;currencies;de;descending;details;encouraging;equals;every;explanation;factored;floor;identifiers;insights;intended;parsing;performance;presentation;real;recall;reduce;related;relying;since;statement;suited;symmetric;template;threshold;toward;translated;triangles;undefined
item_6872bfac483eb719,the the the the the the the the the the the the the the the the the the the the the the the the the the the the the the the the the the the the the the the the the the the the the the the the the the the the the the,action;alongside;calculating;characters;common;comparing;currencies;de;equals;every;explanation;find;floor;identifiers;linear;nine;parsing;perform;performance;plus;polar;presentation;recall;reduce;relying;restriction;specifically;statement;success;suited;summary;symmetric;template;triangles
item_7f4ca738f27aed48,return return return return return return return return return return return return return return return return return return return return return return return return return return return return return return return return return return return return return return return return return return return return return return return return return return return return return return,action;adjusting;alongside;based;common;de;details;direct;equals;every;factored;floor;identifiers;indicating;input;invalid;linear;metadata;modulo;parsing;perform;performance;presentation;real;reduce;related;relying;sets;since;statement;suited;template;triangles;undefined
item_255201ee9fd4ae72,if if if if if if if if if if if if if if if if if if if if if if if if if if if if if if if if if if if if if if if if if if if if if if if if if if if if if if,action;alongside;arrangements;calculating;common;configuration;currencies;de;equals;every;few;floor;identifiers;modulo;monitoring;nine;parsing;perform;performance;polar;presentation;real;recall;reduce;reflected;reflects;related;sets;since;statement;suited;summary;toward;triangles
item_3363826c6b5d97d7,the the the the the the the the the the the the the the the the the the the the the the the the the the the the the the the the the the the the the the the the the the the the the the the the the the the the the the,action;alongside;calculating;characters;common;conditionally;configuration;currencies;de;decided;equals;every;identifiers;linear;modulo;nine;parsing;perform;performance;plus;polar;presentation;recall;reduce;reflected;reflects;related;sides;since;statement;suited;summary;toward;triangles
item_41b554be076c62e1,the the the the the the the the the the the the the the the the the the the the the the the the the the the the the the the the the the the the the the the the the the the the the the the the the the the the the the,action;alongside;based;calculating;characters;common;de;decided;details;equals;every;example;explanation;floor;helper;identifiers;ignoring;modulo;monitoring;nine;parsing;performance;polar;presentation;recall;reduce;reflects;related;sets;statement;suited;summary;threshold;triangles
item_87b7c00a851f9f1c,cos cos cos cos cos cos cos cos cos cos cos cos cos cos cos cos cos cos cos cos cos cos cos cos cos cos cos cos cos cos cos cos cos cos cos cos sin sin sin sin sin sin sin sin sin sin sin sin sin sin sin sin sin sin,action;alongside;based;bound;characters;common;comparing;conditionally;de;details;every;floor;groups;identifiers;identity;insights;linear;link;metadata;parsing;performance;polar;presentation;reduce;reflects;related;relying;since;statement;suited;summary;symmetric;toward;triangles
item_23e4a11c3f7ff5f0,to to to to to to to to to to to to to to to to to to to to to to to to to to to to to to to to to to to to to to to to to to to to to to to to to to to to to to,action;alongside;arrangements;calculating;common;conditionally;configuration;de;empty;encouraging;equals;every;explanation;few;identifiers;metadata;modulo;nine;parsing;performance;polar;presentation;recall;reduce;reflected;reflects;related;relying;statement;suited;summary;template;toward;triangles
item_6e7aba0f5a15e25a,on on on on on on on on on on on on on on on on on on on on on on on generated generated generated generated generated generated generated generated generated generated generated generated generated generated generated generated generated generated generated generated generated generated generated generated generated generated generated generated generated generated generated,action;alongside;appropriately;arguments;characters;common;considered;de;descending;details;encouraging;equals;every;extra;floor;future;only;parsing;performance;presentation;real;reduce;relying;retrieving;sets;several;shows;specifying;statement;suited;template;time;triangles;validation
item_8dd551096dc9e938,years years years years years years years years years years years years years years years years years years years years years years years years years years years years years years years years years years years years years years years years years years years years years years years years years years years years years years,accordingly;action;alongside;characters;common;companies;comparing;confirming;currencies;de;details;equals;every;examining;floor;future;identifiers;linear;parsing;perform;performance;polar;presentation;recall;reduce;related;relying;statement;success;suited;summary;symmetric;template;triangles
item_e13040bcc2e5922c,to to to to to to to to to to to to to to to to to to to to to to to to to to to to to to to to to to to to to to to to to to to to to to to to to to to to to to,alongside;calculating;characters;common;comparing;conditionally;configuration;de;decided;empty;equals;every;factored;identifiers;modulo;monitoring;nine;parsing;performance;polar;presentation;question;real;recall;reduce;related;specifically;statement;success;suited;summary;symmetric;template;triangles
item_3ec5d22fc8d55115,the the the the the the the the the the the the the the the the the the the the the the the the the the the the the the the the the the the the the the the the the the the the the the the the the the the the the the,action;alongside;based;calculating;characters;common;comparing;confirming;currencies;de;equals;every;explanation;factored;find;floor;future;modulo;nine;only;parsing;performance;plus;polar;presentation;real;reduce;reflects;related;specifically;statement;symmetric;template;triangles
item_e1119d86a29983c3,the the the the the the the the the the the the the the the the the the the the the the the the the the the the the the the the the the the the the the the the the the the the the the the the the the the the the the,action;alongside;calculating;characters;common;comparing;conditionally;configuration;count;currencies;de;equals;every;factored;floor;intended;modulo;nine;parsing;performance;plus;polar;presentation;recall;reduce;related;relying;specifically;statement;success;suited;summary;symmetric;triangles
item_3cf38394201032ad,the the the the the the the the the the the the the the the the the the the the the the the the the the the the the the the the the the the the the the the the the the the the the the the the the the the the the the,action;alongside;based;calculating;characters;common;comparing;configuration;currencies;de;details;encouraging;equals;every;explanation;factored;floor;helper;identifiers;modulo;nine;parsing;performance;plus;polar;presentation;recall;reduce;reflects;statement;suited;symmetric;threshold;triangles
item_4a543852cd35757e,with with with with with with with with with with with with with with with with with with with with with with with with with with with with with with with with with with with with with with with with with with with with with with with with with with with with with with,accordingly;action;alongside;based;calculating;characters;common;currencies;de;decided;equals;every;explanation;floor;helper;identifiers;modulo;nine;only;parsing;perform;performance;plus;polar;presentation;recall;reduce;reflects;related;specifying;statement;success;symmetric;triangles
item_2f632150312724ed,the the the the the the the the the the the the the the the the the the the the the the the the the the the the the the the the the the the the the the the the the the the the the the the the the the the the the the,accordingly;action;alongside;calculating;characters;common;comparing;configuration;de;decided;details;equals;every;explanation;floor;identifiers;modulo;parsing;perform;performance;plus;polar;presentation;real;recall;reduce;reflects;related;specifically;statement;suited;symmetric;template;triangles
item_94b19e356d7675a1,the the the the the the the the the the the the the the the the the the the the the the the the the the the the the the the the the the the the the the the the the the the the the the the the the the the the the the,alongside;based;calculating;characters;common;conditionally;configuration;currencies;de;equals;every;floor;future;identifiers;linear;modulo;parsing;performance;polar;presentation;radius;real;recall;reduce;reflected;reflects;related;relying;since;statement;suited;template;toward;triangles
item_50182dd96727272c,the the the the the the the the the the the the the the the the the the the the the the the the the the the the the the the the the the the the the the the the the the the the the the the the the the the the the the,action;alongside;based;calculating;characters;common;currencies;de;every;explanation;factored;find;floor;identifiers;linear;modulo;only;parsing;perform;performance;plus;polar;presentation;real;recall;reduce;reflected;related;relying;statement;suited;summary;symmetric;triangles
item_eef943ef9a6376b8,the the the the the the the the the the the the the the the the the the the the the the the the the the the the the the the the the the the the the the the the the the the the the the the the the the the the the the,action;alongside;calculating;common;comparing;currencies;de;empty;every;example;explanation;factored;floor;identity;modulo;nine;parsing;performance;plus;polar;presentation;recall;reduce;related;relying;statement;success;suited;summary;symmetric;template;threshold;toward;triangles
item_38bb2a6ed2a110be,tasks tasks tasks tasks tasks tasks tasks tasks tasks tasks tasks tasks tasks tasks tasks tasks tasks tasks tasks tasks tasks tasks tasks tasks tasks tasks tasks tasks tasks tasks tasks tasks tasks tasks tasks tasks tasks tasks tasks tasks tasks tasks tasks tasks tasks tasks tasks tasks tasks tasks tasks tasks tasks tasks,accordingly;action;alongside;based;calculating;characters;common;configuration;de;empty;equals;every;few;flag;floor;identifiers;linear;modulo;nine;parsing;performance;polar;presentation;real;reduce;reflects;related;sets;specifically;statement;suited;summary;toward;triangles
item_67cf1870c3be3c87,report report report report report report report report report report report report report report report report report report report report report report report report report report report report report report report report report report report report report report report report report report report report report report report report report report report report report report,accordingly;action;based;calculating;common;configuration;de;details;equals;every;example;explanation;factored;find;floor;identifiers;ignoring;modulo;monitoring;nine;parsing;performance;plus;polar;presentation;recall;reduce;specifically;statement;success;suited;summarized;symmetric;triangles
item_1e3d185d7b3f8be7,to to to to to to to to to to to to to to to to to to to to to to to to to to to to to to to to to to to to to to to to to to to to to to to to to to to to to to,action;alongside;calculating;characters;common;de;equals;every;example;few;floor;identifiers;linear;modulo;monitoring;nine;parsing;pause;performance;plus;polar;presentation;real;recall;reduce;reflected;reflects;rounds;statement;suited;summary;toward;translated;triangles
item_b9bc67488af9f48c,root root root root root root root root root root root root root root root root root root root root root root root root root root root root root root root root root root root root root root root root root root root root root root root root root root root root root root,action;alongside;bound;calculated;calculating;characters;common;comparing;configuration;de;encouraging;equals;examining;explanation;factored;floor;identifiers;insights;linear;link;modulo;parsing;performance;polar;presentation;question;recall;reduce;relying;several;statement;suited;summary;triangles
item_129e72b0d9b8f748,prime prime prime prime prime prime prime prime prime prime prime prime prime prime prime prime prime prime prime prime prime prime prime prime prime prime prime prime prime prime prime prime prime prime prime prime prime prime prime prime prime prime prime prime prime prime prime prime prime prime prime prime prime prime,action;alongside;bound;characters;common;companies;comparing;de;decided;equals;every;explanation;future;help;identifiers;intended;linear;modulo;parsing;performance;plus;polar;presentation;recall;reduce;reflects;related;relying;statement;suited;summary;template;triangles;undefined
item_c4a754eda043d37f,motivational motivational motivational motivational motivational motivational motivational motivational motivational motivational motivational motivational motivational motivational motivational motivational motivational motivational motivational motivational motivational motivational motivational motivational motivational motivational motivational motivational motivational motivational motivational motivational motivational motivational motivational motivational motivational motivational motivational motivational motivational motivational motivational motivational motivational motivational motivational motivational motivational motivational motivational motivational motivational motivational,accordingly;action;alongside;calculating;common;comparing;configuration;de;every;example;explanation;find;floor;identifiers;modulo;monitoring;nine;parsing;pause;performance;polar;presentation;radius;recall;reduce;reflects;related;since;specifically;statement;suited;summary;symmetric;triangles
item_b874b6bd0de0ff74,to to to to to to to to to to to to to to to to to to to to to to to to to to to to to to to to to to to to to to to to to to to to to to to to to to to to to to,action;alongside;calculating;common;comparing;configuration;de;equals;every;explanation;find;floor;identifiers;linear;link;modulo;nine;parsing;perform;performance;plus;polar;presentation;real;recall;reduce;related;relying;statement;suited;summary;symmetric;template;triangles
item_fd4871eafd3747e1,to to to to to to to to to to to to to to to to to to to to to to to to to to to to to to to to to to to to to to to to to to to to to to to to to to to to to to,action;alongside;assess;common;comparing;de;decided;details;equals;every;explanation;extract;find;identifiers;modulo;nine;parsing;performance;plus;polar;presentation;radius;recall;reduce;reflects;related;relying;statement;success;suited;summary;symmetric;template;triangles
item_1cba0f45ff5b7fae,1 1 1 1 1 1 1 1 1 1 1 1 1 1 1 1 1 1 1 1 1 1 1 1 1 1 1 1 1 1 1 1 1 1 1 1 1 1 1 1 1 1 1 1 1 1 1 1 1 1 1 1 1 1,action;alongside;calculating;characters;common;conditionally;de;encouraging;equals;every;explanation;groups;identifiers;modulo;monitoring;nine;parsing;performance;polar;presentation;recall;reduce;reflected;reflects;related;relying;retrieving;sides;statement;suited;summary;template;toward;triangles
item_e3c24ecf81840341,get get get get get get get get get get get get get get get get get get get get get get get get get get get get get get get get get get get get get get get get get get get get get get get get get get get get get get,accordingly;action;alongside;applied;arrangements;calculating;characters;common;comparing;currencies;de;empty;encouraging;equals;explanation;floor;identifiers;ignoring;nine;parsing;performance;plus;polar;presentation;recall;reduce;related;relying;since;statement;suited;summary;template;triangles
item_8afd1b93d1b6456f,to to to to to to to to to to to to to to to to to to to to to to to to to to to to to to to to to to to to to to to to to to to to to to to to to to to to to to,action;alongside;based;common;comparing;currencies;de;details;encouraging;equals;every;explanation;floor;identifiers;linear;modulo;nine;parsing;performance;plus;polar;presentation;recall;reduce;related;responsible;specifically;specifying;statement;success;suited;summary;symmetric;triangles
item_a8724d073824bdea,the the the the the the the the the the the the the the the the the the the the the the the the the the the the the the the the the the the the the the the the the the the the the the the the the the the the the the,action;alongside;based;calculating;common;comparing;de;decided;details;equals;every;explanation;find;floor;linear;nine;parsing;performance;plus;polar;presentation;real;recall;reduce;relying;specifically;specifying;statement;success;suited;summary;symmetric;threshold;triangles
item_dff653431b3b9f5b,the the the the the the the the the the the the the the the the the the the the the the the the the the the the the the the the the the the the the the the the the the the the the the the the the the the the the the,action;applied;based;calculating;characters;common;configuration;de;decided;encouraging;equals;every;flag;helper;identifiers;linear;metadata;modulo;parsing;perform;performance;polar;presentation;recall;reduce;reflected;reflects;related;relying;statement;suited;summary;template;triangles
item_c087d344d8bb2830,the the the the the the the the the the the the the the the the the the the the the the the the the the the the the the the the the the the the the the the the the the the the the the the the the the the the the the,action;alongside;arrangements;calculating;characters;common;de;details;encouraging;equals;every;few;flag;helper;identifiers;linear;parsing;performance;polar;presentation;real;reduce;reflected;reflects;related;retrieving;sides;statement;suited;summary;template;toward;translated;triangles
item_5b5aeb814359edf0,the the the the the the the the the the the the the the the the the the the the the the the the the the the the the the the the the the the the the the the the the the the the the the the the the the the the the the,alongside;based;calculating;common;comparing;de;details;equals;every;explanation;factored;find;floor;helper;identifiers;modulo;parsing;perform;performance;plus;polar;presentation;real;recall;reduce;reflects;related;specifically;statement;suited;summary;template;threshold;triangles
item_51ebcd977d334e26,the the the the the the the the the the the the the the the the the the the the the the the the the the the the the the the the the the the the the the the the the the the the the the the the the the the the the the,accordingly;action;alongside;based;calculating;characters;common;comparing;currencies;de;empty;encouraging;equals;every;identifiers;modulo;parsing;performance;polar;presentation;radius;recall;reduce;reflected;reflects;related;relying;since;statement;suited;summary;symmetric;toward;triangles
item_5997fa6365bc95a3,to to to to to to to to to to to to to to to to to to to to to to to to to to to to to to to to to to to to to to to to to to to to to to to to to to to to to to,action;alongside;arrangements;based;calculating;characters;common;de;encouraging;equals;every;few;flag;floor;identifiers;linear;modulo;parsing;perform;performance;polar;presentation;recall;reduce;reflected;reflects;related;state;statement;suited;summary;symmetric;toward;triangles
item_e48bd47e0e0cc672,to to to to to to to to to to to to to to to to to to to to to to to to to to to to to to to to to to to to to to to to to to to to to to to to to to to to to to,action;alongside;arrangements;calculating;characters;common;configuration;currencies;de;details;every;few;flag;identifiers;linear;modulo;monitoring;nine;parsing;pause;perform;performance;polar;presentation;recall;reduce;reflected;reflects;related;retrieving;statement;suited;toward;triangles
item_97ba4f8f260f1ced,angle angle angle angle angle angle angle angle angle angle angle angle angle angle angle angle angle angle angle angle angle angle angle angle angle angle angle angle angle angle angle angle angle angle angle angle angle angle angle angle angle angle angle angle angle angle angle angle angle angle angle angle angle angle,action;alongside;applied;characters;common;comparing;de;decided;details;encouraging;every;explanation;floor;helper;identifiers;linear;parsing;perform;performance;plus;polar;presentation;recall;reduce;reflects;related;relying;since;statement;success;suited;symmetric;threshold;undefined
item_d8c31d1d993d0c47,case case case case case case case case case case case case case case case case case case case case case case case case case case case case case case case case case case case case case case case case case case case case case case case case case case case case case case,action;alongside;based;bound;calculating;characters;common;de;encouraging;every;few;flag;floor;identifiers;linear;metadata;modulo;parsing;perform;performance;polar;presentation;real;reduce;reflected;reflects;related;relying;state;statement;suited;summary;toward;triangles
item_254e01f5395e081c,none none none none none none none none none none none none none none none none none none none none none none none none none none none none none none none none none none none none none none none none none none none none none none none none none none none none none none,action;alongside;arguments;based;characters;common;compares;de;details;direct;every;examining;explanation;identity;input;linear;link;metadata;parsing;perform;performance;presentation;real;reduce;relying;retrieving;sets;several;since;specifying;statement;suited;template;triangles
item_a17c61cf87b2a62b,the the the the the the the the the the the the the the the the the the the the the the the the the the the the the the the the the the the the the the the the the the the the the the the the the the the the the the,action;calculated;calculating;characters;common;comparing;de;decided;details;every;example;explanation;find;future;ignoring;nine;parsing;performance;plus;polar;presentation;real;recall;reduce;reduced;related;relying;specifically;statement;success;suited;symmetric;template;triangles
item_b6d142b0b029615a,74 74 74 74 74 74 74 74 74 74 74 74 74 74 74 74 74 74 74 74 74 74 74 74 74 74 74 74 74 74 74 74 74 74 74 74 74 74 74 74 74 74 74 74 74 74 74 74 74 74 74 74 74 74,action;alongside;bound;characters;common;comparing;configuration;de;decided;encouraging;every;explanation;factored;helper;identifiers;metadata;modulo;parsing;performance;polar;presentation;real;recall;reduce;reflects;related;relying;since;specifically;statement;suited;summary;toward;triangles
item_d76e5576be650b7e,to to to to to to to to to to to to to to to to to to to to to to to to to to to to to to to to to to to to to to to to to to to to to to to to to to to to to to,action;alongside;arrangements;calculating;characters;common;comparing;de;equals;every;identifiers;ignoring;modulo;nine;parsing;performance;plus;polar;presentation;real;recall;reduce;reduced;reflects;related;relying;sides;specifically;statement;suited;summary;template;toward;triangles
item_1f327e4fe8b4c60b,with with with with with with with with with with with with with with with with with with with with with with with with with with with with with with with with with with with with with with with with with with with with with with with with with with with with with with,action;alongside;based;calculated;calculating;characters;common;comparing;conditionally;de;equals;every;explanation;floor;identifiers;metadata;modulo;parsing;perform;plus;polar;presentation;real;recall;reduce;reflects;related;relying;responsible;statement;summary;template;triangles;validation
item_3996614fc11c6f9a,to to to to to to to to to to to to to to to to to to to to to to to to to to to to to to to to to to to to to to to to to to to to to to to to to to to to to to,action;alongside;calculating;characters;common;configuration;de;encouraging;equals;every;example;few;floor;identifiers;linear;modulo;nine;parsing;performance;plus;polar;presentation;reduce;reflected;reflects;related;restriction;sets;since;statement;suited;summary;toward;triangles
item_e4a671e58ac2f00a,with with with with with with with with with with with with with with with with with with with with with with with with with with with with with with with with with with with with with with with with with with with with with with with with with with with with with with,action;alongside;bound;calculating;characters;common;comparing;de;empty;every;explanation;factored;find;identifiers;identity;insights;monitoring;parsing;perform;performance;polar;presentation;reduce;related;relying;sets;specifically;specifying;statement;summary;template;threshold;triangles;validation
item_da8a75bc2800470e,with with with with with with with with with with with with with with with with with with with with with with with with with with with with with with with with with with with with with with with with with with with with with with with with with with with with with with,action;alongside;based;calculating;characters;common;comparing;configuration;currencies;de;encouraging;every;explanation;factored;floor;identifiers;linear;modulo;parsing;perform;performance;plus;polar;presentation;real;reduce;related;retrieving;statement;success;suited;template;triangles;validation
item_cf6a3fc82ef781c6,the the the the the the the the the the the the the the the the the the the the the the the the the the the the the the the the the the the the the the the the the the the the the the the the the the the the the the,accordingly;action;calculating;characters;common;comparing;configuration;currencies;de;decided;details;equals;every;explanation;floor;helper;modulo;monitoring;nine;parsing;performance;polar;presentation;recall;reduce;related;since;specifically;statement;suited;summary;symmetric;toward;triangles
item_4f93324f1508456f,the the the the the the the the the the the the the the the the the the the the the the the the the the the the the the the the the the the the the the the the the the the the the the the the the the the the the the,action;alongside;based;calculating;characters;common;comparing;concluded;currencies;de;details;encouraging;every;explanation;floor;identifiers;indicating;input;linear;metadata;modulo;parsing;performance;polar;presentation;reduce;related;relying;statement;suited;summary;template;threshold;triangles
item_300e1a03b39d8c91,quotes quotes quotes quotes quotes quotes quotes quotes quotes quotes quotes quotes quotes quotes quotes quotes quotes quotes quotes quotes quotes quotes quotes quotes quotes quotes quotes quotes quotes quotes quotes quotes quotes quotes quotes quotes quotes quotes quotes quotes quotes quotes quotes quotes quotes quotes quotes quotes quotes quotes quotes quotes quotes quotes,action;alongside;calculating;common;comparing;conditionally;configuration;de;details;equals;every;explanation;extract;floor;identifiers;linear;modulo;parsing;performance;plus;polar;presentation;radius;recall;reduce;related;relying;restriction;statement;suited;summary;symmetric;template;triangles
item_a391e56fb66bbf68,the the the the the the the the the the the the the the the the the the the the the the the the the the the the the the the the the the the the the the the the the the the the the the the the the the the the the the,action;alongside;calculating;characters;common;comparing;conditionally;currencies;de;details;empty;equals;every;explanation;floor;future;helper;identifiers;link;nine;parsing;perform;performance;plus;polar;presentation;recall;reduce;reflects;relying;statement;summary;template;triangles
item_0e75fbae5f7aa57a,the the the the the the the the the the the the the the the the the the the the the the the the the the the the the the the the the the the the the the the the the the the the the the the the the the the the the the,action;alongside;based;calculating;characters;common;configuration;de;details;equals;every;example;explanation;find;identifiers;linear;modulo;nine;parsing;perform;performance;polar;presentation;recall;reduce;reflects;related;relying;sets;sides;statement;summary;symmetric;triangles
item_448f2a6a755ec1e6,the the the the the the the the the the the the the the the the the the the the the the the the the the the the the the the the the the the the the the the the the the the the the the the the the the the the the the,accordingly;action;alongside;based;block;calculating;characters;common;comparing;currencies;de;every;examining;explanation;factored;floor;identifiers;modulo;parsing;perform;performance;polar;presentation;real;recall;reduce;related;specifically;statement;suited;summary;symmetric;template;triangles
item_1f6edcd62f78ec41,to to to to to to to to to to to to to to to to to to to to to to to to to to to to to to to to to to to to to to to to to to to to to to to to to to to to to to,action;alongside;based;calculating;characters;common;conditionally;configuration;de;equals;every;flag;helper;identifiers;linear;modulo;nine;parsing;performance;polar;presentation;real;reduce;reflected;reflects;related;rounds;sides;specifically;statement;suited;toward;translated;triangles
item_2ccd773489f7a20f,with with with with with with with with with with with with with with with with with with with with with with with with with with with with with with with with with with with with with with with with with with with with with with with with with with with with with with,action;alongside;arrangements;assess;based;calculating;common;configuration;de;equals;every;few;flag;floor;identifiers;linear;modulo;nine;parsing;perform;performance;polar;presentation;real;recall;reduce;reflected;related;sets;statement;suited;summary;toward;triangles
item_caa4a8e664b708d4,questions questions questions questions questions questions questions questions questions questions questions questions questions questions questions questions questions questions questions questions questions questions questions questions questions questions questions questions questions questions questions questions questions questions questions questions questions questions questions questions questions questions questions questions questions questions questions questions questions questions questions questions questions questions,action;alongside;based;bound;calculating;comparing;de;details;equals;every;example;explanation;factored;floor;helper;identifiers;metadata;parsing;perform;performance;polar;presentation;recall;reduce;reflects;related;relying;rounds;statement;suited;summary;template;triangles;undefined
item_acbcab3e1a054308,the the the the the the the the the the the the the the the the the the the the the the the the the the the the the the the the the the the the the the the the the the the the the the the the the the the the the the,action;alongside;applied;bound;characters;common;comparing;de;empty;every;examining;explanation;factored;identifiers;insights;link;modulo;parsing;performance;polar;presentation;radius;real;recall;reduce;reflected;reflects;related;relying;statement;summary;symmetric;template;triangles
item_be589fa8f2f144cc,the the the the the the the the the the the to to to to to to to to to to to to to to to to to to to to to to to to to to to to to to to to to to to to to to to to to to to,action;alongside;calculating;common;currencies;de;details;equals;every;explanation;floor;modulo;nine;only;outside;parsing;perform;performance;plus;polar;presentation;real;recall;reduce;related;relying;specifying;statement;suited;symmetric;template;threshold;time;triangles
item_4f6c49e979681bd3,this this this this this this this this this this this this this this this this this this this this this this this this this this this this this this this this this this this this this this this this this this this this this this this this this this this this this this,action;calculating;characters;common;comparing;de;details;encouraging;equals;every;examining;explanation;floor;helper;identifiers;linear;modulo;parsing;perform;performance;polar;presentation;recall;reduce;related;relying;retrieving;sets;statement;success;suited;template;toward;triangles
item_cf0fc19f0a8ff1f6,the the the the the the the the the the the the the the the the the the the the the the the the the the the the the the the the the the the the the the the the the the the the the the the the the the the the the the,action;alongside;calculating;common;de;decided;details;equals;every;few;flag;floor;identifiers;linear;modulo;nine;parsing;pause;perform;performance;plus;polar;presentation;real;reduce;reflected;reflects;related;relying;since;statement;suited;toward;triangles
item_8ad36c1d8fc6aa64,the the the the the the the the the the the the the the the the the the the the the the the the the the the the the the the the the the the the the the the the the the the the the the the the the the the the the the,action;alongside;based;calculating;characters;common;currencies;de;equals;every;few;flag;groups;identifiers;modulo;nine;only;parsing;performance;plus;polar;presentation;recall;reduce;reflected;reflects;related;since;statement;suited;summary;template;toward;triangles
item_e54467f1f818bc75,the the the the the the the the the the the the the the the the the the the the the the the the the the the the the the the the the the the the the the the the the the the the the the the the the the the the the the,action;based;calculating;characters;common;comparing;de;details;equals;every;examining;explanation;floor;future;handling;identifiers;link;only;parsing;perform;performance;polar;presentation;real;recall;reduce;related;relying;specifying;statement;suited;symmetric;template;triangles
item_d8de07cb47262ec1,the the the the the the the the the the the the the the the the the the the the the the the the the the the the the the the the the the the the the the the the the the the the the the the the the the the the the the,action;alongside;based;calculating;common;conditionally;configuration;currencies;de;details;equals;every;floor;identifiers;monitoring;nine;only;parsing;perform;performance;polar;presentation;real;recall;reduce;reflects;related;relying;statement;suited;symmetric;template;triangles;types
item_6da51193a157e80a,to to to to to to to to to to to to to to to to to to to to to to to to to to to to to to to to to to to to to to to to to to to to to to to to to to to to to to,action;alongside;calculating;conditionally;configuration;de;decided;details;every;floor;identifiers;modulo;monitoring;nine;parsing;perform;performance;plus;polar;presentation;prevents;recall;reduce;reflects;related;relying;sides;statement;suited;summary;symmetric;toward;triangles;undefined
item_78d65e11527a5cdc,tools tools tools tools tools tools tools tools tools tools tools tools tools tools tools tools tools tools tools tools tools tools tools tools tools tools tools tools tools tools tools tools tools tools tools tools tools tools tools tools tools tools tools tools tools tools tools tools tools tools tools tools tools tools,action;alongside;calculating;common;conditionally;de;decided;encouraging;equals;every;few;identifiers;modulo;monitoring;nine;parsing;performance;polar;presentation;prevents;radius;real;recall;reduce;reflects;related;sides;since;statement;suited;summary;symmetric;toward;triangles
item_679d5755d0555724,to to to to to to to to to to to to to to to to to to to to to to to to to to to to to to to to to to to to to to to to to to to to to to to to to to to to to to,action;alongside;characters;common;comparing;configuration;currencies;de;details;every;example;explanation;floor;future;identity;linear;modulo;monitoring;nine;parsing;performance;polar;presentation;recall;reduce;reflects;related;specifically;statement;success;suited;summary;symmetric;triangles
item_214642242b7bcc9f,to to to to to to to to to to to to to to to to to to to to to to to to to to to to to to to to to to to to to to to to to to to to to to to to to to to to to to,action;alongside;based;calculating;characters;common;currencies;de;equals;every;find;identifiers;modulo;monitoring;nine;parsing;performance;polar;presentation;real;recall;reduce;reflected;reflects;related;relying;specifically;statement;suited;summary;symmetric;template;toward;triangles
item_d808c49eaf6762b0,to to to to to to to to to to to to to to to to to to to to to to to to to to to to to to to to to to to to to to to to to to to to to to to to to to to to to to,action;based;calculating;characters;common;comparing;currencies;de;encouraging;every;explanation;factored;floor;identifiers;ignoring;nine;only;parsing;performance;plus;polar;presentation;real;recall;reduce;related;specifically;statement;suited;summarized;symmetric;template;titles;triangles
item_db967dfd5d6a4a62,angle angle angle angle angle angle angle angle angle angle angle angle angle angle angle angle angle angle angle angle angle angle angle angle angle angle angle angle angle angle angle angle angle angle angle angle angle angle angle angle angle angle angle angle angle angle angle angle angle angle angle angle angle angle,action;alongside;assess;based;calculating;characters;common;de;every;explanation;factored;floor;identifiers;identity;linear;link;parsing;performance;polar;presentation;recall;reduce;reflected;related;relying;several;statement;success;suited;summary;template;threshold;triangles;validation
item_ccf95e88be22cf8c,to to to to to to to to to to to to to to to to to to to to to to to to to to to to to to to to to to to to to to to to to to to to to to to to to to to to to to,accordingly;action;alongside;characters;common;comparing;conditionally;configuration;currencies;de;equals;every;explanation;floor;identifiers;linear;modulo;only;parsing;perform;performance;plus;polar;presentation;recall;reduce;relying;since;specifically;statement;success;suited;summarized;summary
item_fa98be1ce4024d18,to to to to to to to to to to to to to to to to to to to to to to to to to to to to to to to to to to to to to to to to to to to to to to to to to to to to to to,action;alongside;assess;calculated;calculating;common;configuration;currencies;de;every;examined;explanation;few;identifiers;linear;modulo;nine;parsing;perform;performance;polar;presentation;real;recall;reduce;reflected;reflects;related;sides;statement;suited;summary;toward;triangles
item_baa06d941727187e,to to to to to to to to to to to to to to to to to to to to to to to to to to to to to to to to to to to to to to to to to to to to to to to to to to to to to to,action;alongside;applied;characters;common;de;details;every;explanation;few;flag;floor;identifiers;ignoring;least;modulo;parsing;performance;polar;presentation;recall;reduce;reflected;related;relying;sets;since;specifically;statement;success;suited;summary;threshold;triangles
item_c173e2ce4e0e34be,points points points points points points points points points points points points points points points points points points points points points points points points points points points points points points points points points points points points points points points points points points points points points points points points points points points points points points,action;alongside;calculating;common;currencies;de;decided;encouraging;equals;every;example;explanation;find;floor;future;identifiers;modulo;nine;parsing;performance;plus;polar;presentation;radius;recall;reduce;reflects;related;relying;restriction;statement;suited;symmetric;triangles
item_6de156112d3b532f,length length length length length length length length length length length length length length length length length length length length length length length length length length length length length length length length length length length length length length length length length length length length length length length length length length length length length length,action;alongside;based;characters;common;comparing;currencies;de;empty;every;floor;handle;identifiers;insights;intended;nine;parsing;performance;plus;polar;presentation;recall;reduce;reflects;related;relying;responsible;since;specifically;statement;success;suited;summary;symmetric
item_0da2d61c73d359d3,to to to to to to to to to to to to to to to to to to to to to to to to to to to to to to to to to to to to to to to to to to to to to to to to to to to to to to,action;alongside;based;calculating;characters;common;configuration;de;encouraging;equals;every;explanation;floor;helper;identifiers;linear;modulo;parsing;perform;performance;polar;presentation;real;recall;reduce;reflects;relying;specifically;statement;suited;summary;template;toward;triangles
item_b427c13376155acc,plot plot plot plot plot plot plot plot plot plot plot plot plot plot plot plot plot plot plot plot plot plot plot plot plot plot plot plot plot plot plot plot plot plot plot plot plot plot plot plot plot plot plot plot plot plot plot plot plot plot plot plot plot plot,action;alongside;bound;calculating;characters;common;conditionally;currencies;de;empty;every;explanation;factored;floor;identifiers;modulo;nine;parsing;perform;performance;plus;polar;presentation;recall;reduce;related;relying;responsible;specifying;statement;suited;symmetric;threshold;triangles
item_cbc975eb32bae94f,report report report report report report report report report report report report report report report report report report report report report report report report report report report report report report report report report report report report report report report report report report report report report report report report report report report report report report,accordingly;action;alongside;calculating;common;currencies;de;equals;every;explanation;find;floor;identifiers;modulo;nine;only;parsing;performance;plus;polar;presentation;real;reduce;reflected;reflects;related;relying;since;specifically;statement;suited;summary;symmetric;triangles
item_6a6089ba740fccbd,output output output output output output output output output output output output output output output output output output output output output output output output output output output output output output output output output output output output output output output output output output output output output output output output output output output output output output,accordingly;action;alongside;based;characters;common;comparing;currencies;de;details;equals;every;examining;explanation;identifiers;linear;modulo;parsing;perform;performance;plus;presentation;recall;reduce;related;relying;responsible;specifically;specifying;statement;success;suited;summary;triangles
item_c10541b903226452,to to to to to to to to to to to to to to to to to to to to to to to to to to to to to to to to to to to to to to to to to to to to to to to to to to to to to to,action;alongside;arrangements;calculating;common;de;decided;encouraging;every;few;identifiers;linear;modulo;monitoring;nine;parsing;pause;perform;performance;plus;polar;presentation;prevents;real;recall;reduce;reflected;reflects;related;statement;suited;summary;toward;triangles
item_9ec6e9652cab77ea,text text text text text text text text text text text text text text text text text text text text text text text text text text text text text text text text text text text text text text text text text text text text text text text text text text text text text text,action;alongside;arguments;characters;common;comparing;currencies;de;descending;details;every;examining;explanation;extract;figures;help;identifiers;input;linear;modulo;parsing;perform;performance;presentation;real;reduce;related;relying;sets;since;specifying;statement;triangles;unrelated
item_785f8edaadfd5385,the the the the the the the the the the the the the the the the the the the the the the the the the the the the the the the the the the the the the the the the the the the the the the the the the the the the the the,accordingly;action;alongside;block;calculating;common;comparing;configuration;currencies;de;details;encouraging;every;explanation;floor;identifiers;linear;modulo;nine;parsing;performance;polar;presentation;real;recall;reduce;related;responsible;specifically;statement;suited;symmetric;threshold;triangles
item_16f0ccd367330fd0,specific specific specific specific specific specific specific specific specific specific specific specific specific specific specific specific specific specific specific specific specific specific specific specific specific specific specific specific specific specific specific specific specific specific specific specific specific specific specific specific specific specific specific specific specific specific specific specific specific specific specific specific specific specific,action;alongside;assess;calculating;characters;encouraging;every;few;flag;floor;identifiers;least;linear;metadata;modulo;parsing;perform;performance;polar;presentation;real;recall;reduce;reflected;reflects;related;retrieving;sets;statement;suited;toward;translated;triangles;validation
item_792492bdf0fe8a6b,to to to to to to to to to to to to to to to to to to to to to to to to to to to to to to to to to to to to to to to to to to to to to to to to to to to to to to,action;alongside;calculating;characters;common;comparing;de;decided;details;encouraging;equals;every;flag;floor;identifiers;linear;link;modulo;parsing;perform;performance;plus;polar;presentation;recall;reduce;reflects;related;relying;statement;suited;summary;toward;triangles
item_edd8643527dc4905,left left left left left left left left left left left left left left left left left left left left left left left left left left left left left left left left left left left left left left left left left left left left left left left left left left left left left left,action;alongside;characters;common;de;descending;details;direct;every;explanation;figures;ignoring;input;invalid;linear;metadata;parsing;perform;performance;plus;polar;presentation;real;recall;reduce;related;relying;retrieving;specifically;statement;time;triangles;undefined;validation
item_2a48af011cffc5da,to to to to to to to to to to to to to to to to to to to to to to to to to to to to to to to to to to to to to to to to to to to to to to to to to to to to to to,accordingly;action;alongside;based;block;calculating;common;comparing;configuration;de;details;equals;every;example;find;floor;identifiers;linear;modulo;monitoring;nine;parsing;performance;polar;presentation;recall;reduce;specifically;statement;success;suited;summary;symmetric;triangles
item_ed58379c0a191fce,class class class class class class class class class class class class class class class class class class class class class class class class class class class class class class class class class class class class class class class class class class class class class class class class class class class class class class,action;adjusting;alongside;appropriately;arguments;common;compares;de;definitions;descending;details;direct;equals;every;examining;extra;floor;identity;linear;metadata;parsing;perform;performance;presentation;real;recall;reduce;reflected;relying;representation;sets;statement;suited;triangles
item_045aecaa2edb60c9,random random random random random random random random random random random random random random random random random random random random random random random random random random random random random random random random random random random random random random random random random random random random random random random random random random random random random random,accordingly;action;alongside;arrangements;based;calculating;common;comparing;de;details;equals;every;explanation;factored;floor;identifiers;identity;modulo;monitoring;nine;parsing;performance;plus;polar;presentation;recall;reduce;reflects;related;statement;suited;summary;symmetric;understand
item_82cb8bb0290b5b5b,for for for for for for for for for for for for for for for for for for for for for for for for for for for for for for for for for for for for for for for for for for for for for for for for for for for for for for,action;alongside;bound;calculating;characters;common;currencies;de;every;examining;explanation;factored;floor;input;invalid;linear;modulo;parsing;performance;plus;presentation;reduce;related;relying;representation;responsible;sets;specifically;statement;substitution;success;suited;triangles;undefined
item_123176f7a21299ed,the the the the the the the the the the the the the the the the the the the the the the the the the the the the the the the the the the the the the the the the the the the the the the the the the the the the the the,accordingly;action;alongside;based;common;configuration;currencies;de;details;every;explanation;floor;future;indicating;linear;parsing;perform;performance;polar;presentation;recall;reduce;related;relying;responsible;since;statement;suited;summarized;summary;symmetric;template;threshold;triangles
item_96665980c8569097,the the the the the the the the the the the the the the the the the the the the the the the the the the the the the the the the the the the the the the the the the the the the the the the the the the the the the the,action;alongside;calculating;common;comparing;configuration;de;decided;every;example;explanation;floor;identifiers;intended;linear;modulo;nine;parsing;perform;performance;plus;polar;presentation;radius;real;recall;reduce;related;relying;statement;suited;symmetric;template;triangles
item_c647e16f3926df9c,for for for for for for for for for for for for for for for for for for for for for for for for for for for for for for for for for for for for for for for for for for for for for for for for for for for for for for,accordingly;alongside;calculating;characters;common;comparing;currencies;de;equals;every;examining;explanation;extract;identifiers;modulo;monitoring;nine;parsing;performance;polar;presentation;real;recall;reduce;reflects;related;state;statement;suited;summary;symmetric;template;toward;triangles
item_fa04c327e61b61f1,to to to to to to to to to to to to to to to to to to to to to to to to to to to to to to to to to to to to to to to to to to to to to to to to to to to to to to,action;alongside;calculating;characters;common;comparing;conditionally;de;decided;equals;every;extract;few;identifiers;monitoring;nine;parsing;performance;polar;presentation;radius;real;recall;reduce;reflected;reflects;related;statement;suited;summary;symmetric;template;toward;triangles
item_b3dee413fa69e490,with with with with with with with with with with with with with with with with with with with with with with with with with with with with with with with with with with with with with with with with with with with with with with with with with with with with with with,action;alongside;calculating;common;configuration;currencies;de;equals;every;example;explanation;floor;future;identifiers;linear;modulo;monitoring;parsing;performance;plus;polar;prevents;real;recall;reduce;reflects;related;relying;specifically;statement;success;suited;symmetric;triangles
item_585bce9da48a119d,to to to to to to to to to to to to to to to to to to to to to to to to to to to to to to to to to to to to to to to to to to to to to to to to to to to to to to,accordingly;action;alongside;calculating;characters;common;comparing;configuration;currencies;de;decided;encouraging;equals;every;explanation;factored;find;identifiers;modulo;nine;parsing;performance;polar;presentation;recall;reduce;related;since;specifically;statement;suited;summary;symmetric;triangles
item_1b11c0f9bc481d22,the the the the the the the the the the the the the the the the the the the the the the the the the the the the the the the the the the the the the the the the the the the the the the the the the the the the the the,accordingly;action;calculating;common;comparing;currencies;de;details;every;explanation;find;floor;future;linear;monitoring;nine;parsing;perform;performance;plus;polar;presentation;reduce;reflected;related;relying;responsible;restriction;statement;success;suited;summary;symmetric;triangles
item_ba3111e0c06408f7,angle angle angle angle angle angle angle angle angle angle angle angle angle angle angle angle angle angle angle angle angle angle angle angle angle angle angle angle angle angle angle angle angle angle angle angle angle angle angle angle angle angle angle angle angle angle angle angle angle angle angle angle angle angle,action;alongside;common;de;decided;details;equals;every;explanation;factored;identifiers;indicating;intended;linear;metadata;modulo;monitoring;parsing;performance;polar;presentation;reduce;reflected;reflects;related;relying;responsible;sets;specifically;statement;success;suited;toward;triangles
item_07da76a4558bf3e1,cos cos cos cos cos cos cos cos cos cos cos cos cos cos cos cos cos cos cos cos cos cos cos cos cos cos cos cos cos cos cos cos cos cos cos cos cos cos cos cos cos cos cos cos cos cos cos cos cos cos cos cos cos cos,action;alongside;based;bound;characters;common;de;details;equals;every;factored;flag;identifiers;linear;metadata;modulo;parsing;performance;polar;presentation;real;recall;reduce;reflects;related;relying;statement;success;suited;summary;toward;translated;triangles;undefined
item_2767c2716ca1960f,to to to to to to to to to to to to to to to to to to to to to to to to to to to to to to to to to to to to to to to to to to to to to to to to to to to to to to,accordingly;action;alongside;calculating;common;conditionally;currencies;de;decided;details;equals;every;example;explanation;floor;identifiers;modulo;monitoring;nine;parsing;performance;polar;presentation;recall;reduce;reflects;related;since;specifically;statement;suited;summary;threshold;triangles
item_de2f62ae15fe03ae,the the the the the the the the the the the the the the the the the the the the the the the the the the the the the the the the the the the the the the the the the the the the the the the the the the the the the the,accordingly;action;alongside;calculating;common;comparing;currencies;de;decided;equals;every;example;explanation;find;floor;future;identifiers;linear;modulo;nine;only;parsing;performance;polar;presentation;real;recall;reduce;related;responsible;statement;suited;symmetric;triangles
item_eac6ad445b841fad,the the the the the the the the the the the the the the the the the the the the the the the the the the the the the the the the the the the the the the the the the the the the the the the the the the the the the the,accordingly;action;alongside;calculating;characters;common;configuration;currencies;de;empty;encouraging;equals;few;flag;floor;identifiers;modulo;nine;parsing;pause;performance;plus;polar;presentation;recall;reduce;reflected;reflects;related;since;statement;suited;summary;toward
item_37581ceb631b81bb,time time time time time time time time time time time time time time time time time time time time time time time time time time time time time time time time time time time time time time time time time time time time time time time time time time time time time time,action;alongside;calculating;characters;common;configuration;de;encouraging;every;explanation;floor;identifiers;linear;link;metadata;modulo;monitoring;nine;parsing;performance;polar;presentation;real;recall;reduce;reflects;related;sets;statement;suited;summary;toward;triangles;undefined
item_1915fe861a597db0,get get get get get get get get get get get get get get get get get get get get get get get get get get get get get get get get get get get get get get get get get get get get get get get get get get get get get get,action;alongside;based;common;de;details;encouraging;equals;every;examining;explanation;helper;identifiers;indicating;invalid;linear;modulo;outside;parsing;perform;performance;plus;polar;presentation;reduce;reflects;relying;responsible;specifically;statement;success;symmetric;template;triangles
item_a93f5a36568cce54,motivational motivational motivational motivational motivational motivational motivational motivational motivational motivational motivational motivational motivational motivational motivational motivational motivational motivational motivational motivational motivational motivational motivational motivational motivational motivational motivational motivational motivational motivational motivational motivational motivational motivational motivational motivational motivational motivational motivational motivational motivational motivational motivational motivational motivational motivational motivational motivational motivational motivational motivational motivational motivational motivational,action;alongside;arrangements;calculating;common;comparing;configuration;de;decided;equals;every;extract;find;floor;future;identifiers;monitoring;nine;parsing;performance;plus;polar;presentation;radius;real;recall;reduce;reflects;related;specifically;statement;suited;symmetric;triangles
item_ceff0f54d9a951c6,the the the the the the the the the the the the the the the the the the the the the the the the the the the the the the the the the the the the the the the the the the the the the the the the the the the the the the,action;alongside;applied;bound;characters;common;conditionally;configuration;de;details;encouraging;equals;every;identifiers;linear;modulo;parsing;perform;performance;plus;polar;presentation;reduce;reflected;related;relying;rounds;sets;statement;success;suited;toward;triangles;validation
item_b71174c5771ea4c1,to to to to to to to to to to to to to to to to to to to to to to to to to to to to to to to to to to to to to to to to to to to to to to to to to to to to to to,action;alongside;characters;common;comparing;configuration;currencies;de;details;encouraging;equals;every;examining;explanation;future;handling;identifiers;input;modulo;other;parsing;performance;plus;polar;presentation;recall;reduce;related;statement;suited;summarized;summary;toward;triangles
item_e692400dd130e2a0,0 0 0 0 0 0 0 division division division division division division division division division division division division division division division division division division division division division division division division division division division division division division division division division division division division division division division division division division division division division division division,action;alongside;based;bound;characters;common;considered;de;descending;details;direct;every;floor;handle;identifiers;input;invalid;linear;link;parsing;perform;performance;polar;presentation;reduce;relying;sources;specifically;specifying;statement;success;suited;summarized;triangles
item_e2d991e4c7232036,for for for for for for for for for for for for for for for for for for for for for for for for for for for for for for for for for for for for for for for for for for for for for for for for for for for for for for,action;alongside;bound;calculating;common;currencies;de;decided;equals;every;explanation;factored;floor;identifiers;modulo;monitoring;nine;parsing;performance;plus;polar;presentation;radius;recall;reduce;reflects;related;relying;restriction;statement;suited;summary;symmetric;triangles
item_2f4f9eb288945514,4 4 4 4 4 4 4 4 4 4 4 4 4 4 4 4 4 4 4 4 4 4 4 4 4 4 4 4 4 4 4 4 4 4 4 4 4 4 4 4 4 4 4 4 4 4 4 4 4 4 4 4 4 4,action;alongside;applied;based;bound;characters;common;de;empty;equals;every;factored;flag;groups;identifiers;linear;modulo;nine;parsing;perform;performance;polar;presentation;reduce;reflects;related;relying;since;statement;suited;summary;template;toward;triangles
item_2a4782a901e985cd,to to to to to to to to to to to to to to to to to to to to to to to to to to to to to to to to to to to to to to to to to to to to to to to to to to to to to to,action;alongside;calculating;common;comparing;configuration;currencies;de;decided;encouraging;every;example;explanation;find;floor;identifiers;modulo;nine;parsing;perform;performance;plus;polar;presentation;real;recall;reduce;related;relying;statement;success;suited;toward;triangles
item_02644d1f7c535cf4,the the the the the the the the the the the the the the the the the the the the the the the the the the the the the the the the the the the the the the the the the the the the the the the the the the the the the the,accordingly;action;alongside;calculating;common;de;equals;every;examining;example;explanation;find;floor;help;intended;linear;modulo;monitoring;nine;parsing;performance;polar;presentation;real;recall;reduce;related;relying;specifically;statement;success;suited;template;triangles
item_ba0acbc78f6ecb74,stopwords stopwords stopwords stopwords stopwords stopwords stopwords stopwords stopwords stopwords stopwords stopwords stopwords stopwords stopwords stopwords stopwords stopwords stopwords stopwords stopwords stopwords stopwords stopwords stopwords stopwords stopwords stopwords stopwords stopwords stopwords stopwords stopwords stopwords stopwords stopwords stopwords stopwords stopwords stopwords stopwords stopwords stopwords stopwords stopwords stopwords stopwords stopwords stopwords stopwords stopwords stopwords stopwords stopwords,action;alongside;calculating;characters;common;configuration;de;equals;every;explanation;find;floor;handling;identifiers;modulo;only;parsing;performance;plus;presentation;prevents;real;recall;reduce;reflected;reflects;related;relying;sets;specifically;statement;suited;symmetric;triangles
item_bd7fa8a49e205357,the the the the the the the the the the the the the the the the the the the the the the the the the the the the the the the the the the the the the the the the the the the the the the the the the the the the the the,accordingly;action;alongside;arrangements;assess;calculating;characters;common;conditionally;configuration;currencies;de;encouraging;equals;every;explanation;identifiers;modulo;nine;parsing;performance;plus;polar;presentation;recall;reduce;reflects;related;relying;statement;suited;summary;toward;triangles
item_330ba62c4b4399cf,2 2 2 2 2 2 2 2 2 2 2 2 2 2 2 2 2 2 2 2 2 2 2 2 2 2 2 2 2 2 2 2 2 2 2 2 2 2 2 2 2 2 2 2 2 2 2 2 2 2 2 2 2 2,alongside;calculating;characters;common;configuration;currencies;de;decided;equals;every;explanation;factored;find;helper;identifiers;insights;nine;parsing;performance;polar;presentation;recall;reduce;reflected;reflects;related;relying;specifically;statement;success;suited;summary;symmetric;triangles
item_58dbf2301b8edb29,with with with with with with with with with with with with with with with with with with with with with with with with with with with with with with with with with with with with with with with with with with with with with with with with with with with with with with,action;alongside;based;calculating;characters;common;de;decided;equals;every;example;explanation;find;floor;identifiers;ignoring;modulo;monitoring;nine;parsing;pause;performance;plus;polar;presentation;recall;reduce;reduced;related;specifically;statement;suited;toward;triangles
item_5a45745f20b7270e,the the the the the the the the the the the the the the the the the the the the the the the the the the the the the the the the the the the the the the the the the the the the the the the the the the the the the the,accordingly;action;alongside;based;calculating;common;comparing;de;every;example;explanation;floor;identifiers;modulo;monitoring;nine;parsing;pause;perform;performance;plus;polar;presentation;real;recall;reduce;related;relying;since;statement;suited;symmetric;toward;triangles
item_8ee8c8fcfd6fb0d6,value value value value value value value value value value value value value value value value value value value value value value value value value value value value value value value value value value value value value value value value value value value value value value value value value value value value value value,action;adjusting;alongside;characters;closes;common;comparing;details;direct;equals;examining;explanation;extract;factor;factored;handling;help;identity;input;insights;invalid;linear;link;parsing;perform;performance;presentation;reduce;relying;representation;specifying;statement;success;triangles
item_1ef5d2b18ab4d44d,to to to to to to to to to to to to to to to to to to to to to to to to to to to to to to to to to to to to to to to to to to to to to to to to to to to to to to,action;alongside;calculating;common;count;currencies;de;decided;details;equals;every;examining;explanation;factored;floor;future;modulo;monitoring;nine;parsing;performance;plus;polar;presentation;radius;reduce;reflects;related;relying;statement;suited;summary;symmetric;triangles
item_f2a18d1d18b6b5d2,class class class class class class class class class class class class class class class class class class class class class class class class class class class class class class class class class class class class class class class class class class class class class class class class class class class class class class,action;adjusting;alongside;appropriately;based;characters;common;de;descending;details;direct;equals;every;examining;explanation;floor;future;help;identifiers;identity;input;linear;parsing;perform;performance;presentation;reduce;relying;responsible;since;specifying;statement;template;triangles
item_42bddd3316df5ae0,y y see see see see see see see see see see see see see see see see see see see see see see see see see see see see see see see see see see see see see see see see see see see see see see see see see see see see,action;alongside;bound;characters;common;de;descending;every;explanation;factored;floor;input;intended;invalid;linear;modulo;parsing;perform;performance;plus;polar;presentation;real;reduce;relying;responsible;specifically;specifying;statement;success;template;traced;triangles;validation
item_36d33d02ce1ad665,the the the the the the the the the the the the the the the the the the the the the the the the the the the the the the the the the the the the the the the the the the the the the the the the the the the the the the,accordingly;action;alongside;based;block;calculating;characters;common;comparing;currencies;de;equals;explanation;floor;future;identifiers;nine;only;parsing;perform;performance;plus;polar;presentation;recall;reduce;related;relying;specifying;statement;success;template;triangles;types
item_0700b9874be229ca,the the the the the the the the the the the the the the the the the the the the the the the the the the the the the the the the the the the the the the the the the the the the the the the the the the the the the the,action;alongside;calculating;characters;common;comparing;conditionally;de;encouraging;equals;every;explanation;identifiers;modulo;monitoring;nine;parsing;performance;polar;presentation;real;recall;reduce;reflects;related;relying;state;statement;suited;summary;symmetric;template;toward;triangles
item_dee6a34eb21cdf2f,the the the the the the the the the the the the the the the the the the the the the the the the the the the the the the the the the the the the the the the the the the the the the the the the the the the the the the,action;alongside;arrangements;based;bound;calculated;calculating;characters;common;de;decided;details;equals;every;few;flag;identifiers;linear;modulo;nine;parsing;performance;polar;presentation;real;reduce;reflects;related;sides;statement;suited;summary;toward;triangles
item_292a4189e1cd527d,value value value value value value value value value value value value value value value value value value value value value value value value value value value value value value value value value value value value value value value value value value value value value value value value value value value value value value,action;alongside;applied;bound;characters;common;comparing;currencies;de;decided;descending;details;encouraging;equals;every;examining;floor;future;identifiers;input;link;monitoring;parsing;perform;performance;plus;presentation;reduce;related;relying;responsible;specifying;statement;triangles
item_a94c8851f5c998f2,with with with with with with with with with with with with with with with with with with with with with with with with with with with with with with with with with with with with with with with with with with with with with with with with with with with with with with,action;alongside;based;calculating;characters;common;configuration;de;decided;equals;every;example;explanation;floor;future;identifiers;modulo;monitoring;nine;parsing;performance;plus;polar;presentation;recall;reduce;reflects;related;statement;suited;summary;symmetric;template;triangles
item_93a6e0ceff98d082,with with with with with with with with with with with with with with with with with with with with with with with with with with with with with with with with with with with with with with with with with with with with with with with with with with with with with with,accordingly;action;alongside;calculating;characters;common;configuration;de;every;explanation;find;floor;identifiers;linear;modulo;parsing;performance;plus;polar;presentation;real;recall;reduce;reflected;reflects;related;relying;statement;suited;summary;symmetric;template;threshold;triangles
item_035a9bea7a0b92c8,questions questions questions questions questions questions questions questions questions questions questions questions questions questions questions questions questions questions questions questions questions questions questions questions questions questions questions questions questions questions questions questions questions questions questions questions questions questions questions questions questions questions questions questions questions questions questions questions questions questions questions questions questions questions,action;characters;companies;comparing;confirming;currencies;de;details;equals;every;examining;explanation;find;floor;identifiers;nine;parsing;perform;performance;plus;polar;presentation;real;recall;reduce;reflects;related;responsible;retrieving;specifying;statement;success;symmetric;triangles
item_18cc05cc70798df0,to to to to to to to to to to to to to to to to to to to to to to to to to to to to to to to to to to to to to to to to to to to to to to to to to to to to to to,action;alongside;based;characters;common;comparing;currencies;de;decided;details;equals;every;extract;floor;identifiers;modulo;nine;parsing;performance;polar;presentation;recall;reduce;reflected;reflects;related;relying;statement;success;suited;symmetric;threshold;triangles;undefined
item_92d65d6e7ce296cb,the the the the the the the the the the the the the the the the the the the the the the the the the the the the the the the the the the the the the the the the the the the the the the the the the the the the the the,action;based;calculating;characters;common;comparing;configuration;currencies;de;descending;detecting;equals;explanation;floor;future;identifiers;linear;parsing;performance;plus;polar;presentation;recall;reduce;respond;responsible;specifying;statement;success;suited;summary;symmetric;template;triangles
item_def8e41a59c3363d,to to to to to to to to to to to to to to to to to to to to to to to to to to to to to to to to to to to to to to to to to to to to to to to to to to to to to to,action;alongside;calculating;characters;common;conditionally;de;details;equals;every;explanation;floor;identifiers;link;modulo;nine;parsing;perform;performance;plus;polar;presentation;reduce;reflected;reflects;related;relying;specifically;statement;suited;summary;template;toward;triangles
item_b26ecc31b79c963d,player player player player player player player player player player player player player player player player player player player player player player player player player player player player player player player player player player player player player player player player player player player player player player player player player player player player player player,action;alongside;based;calculating;characters;common;comparing;conditionally;configuration;currencies;de;encouraging;equals;every;explanation;floor;identifiers;modulo;monitoring;nine;parsing;perform;performance;plus;polar;presentation;real;recall;reduce;related;statement;suited;template;triangles
item_567db416a6d3c109,the the the the the the the the the the the the the the the the the the the the the the the the the the the the the the the the the the the the the the the the the the the the the the the the the the the the the the,action;alongside;based;characters;common;comparing;currencies;de;descending;equals;every;examining;explanation;floor;handle;identifiers;intended;outside;parsing;perform;performance;plus;presentation;recall;reduce;reflected;related;relying;responsible;specifying;statement;summarized;threshold;triangles
item_98e82500fbf79a25,the the the the the the the the the the the the the the the the the the the the the the the the the the the the the the the the the the the the the the the the the the the the the the the the the the the the the the,accordingly;action;alongside;common;companies;configuration;currencies;de;decided;equals;every;examining;example;explanation;floor;future;identifiers;parsing;perform;performance;plus;polar;presentation;recall;reduce;reflects;related;relying;restriction;statement;success;suited;symmetric;triangles
item_009c4f403771e6f7,the the the the the the the the the the the the the the the the the the the the the the the the the the the the the the the the the the the the the the the the the the the the the the the the the the the the the the,action;alongside;calculating;common;comparing;de;decided;equals;every;example;explanation;find;ignoring;intended;linear;modulo;nine;parsing;perform;performance;plus;polar;presentation;real;recall;reduce;related;specifically;statement;suited;symmetric;template;toward;triangles
item_9db9b047f15dceba,provided provided provided provided provided provided provided provided provided provided provided provided provided provided provided provided provided provided provided provided provided provided provided provided provided provided provided provided provided provided provided provided provided provided provided provided provided provided provided provided provided provided provided provided provided provided provided provided provided provided provided provided provided provided,accordingly;action;alongside;calculating;common;comparing;de;decided;equals;every;example;explanation;factored;future;identifiers;linear;modulo;nine;parsing;perform;performance;plus;polar;presentation;real;recall;reduce;reflects;related;relying;retrieving;statement;symmetric;triangles
item_44a12121ffba7951,the the the the the the the the the the the the the the the the the the the the the the the the the the the the the the the the the the the the the the the the the the the the the the the the the the the the the the,action;alongside;assess;calculating;characters;common;configuration;de;empty;equals;every;few;flag;floor;identifiers;linear;modulo;nine;parsing;performance;polar;presentation;real;recall;reduce;reflected;reflects;related;specifically;statement;suited;summary;toward;triangles
item_065c852166f8f48f,to to to to to to to to to to to to to to to to to to to to to to to to to to to to to to to to to to to to to to to to to to to to to to to to to to to to to to,action;alongside;calculating;common;conditionally;configuration;currencies;de;every;example;explanation;factored;find;floor;future;linear;modulo;monitoring;nine;parsing;performance;polar;presentation;recall;reduce;related;relying;specifically;statement;success;suited;summary;symmetric;triangles
item_c8f40b57cd502efe,perfect perfect perfect perfect perfect perfect perfect perfect perfect perfect perfect perfect perfect perfect perfect perfect perfect perfect perfect perfect perfect perfect perfect perfect perfect perfect perfect perfect perfect perfect perfect perfect perfect perfect perfect perfect perfect perfect perfect perfect perfect perfect perfect perfect perfect perfect perfect perfect perfect perfect perfect perfect perfect perfect,action;alongside;characters;common;confirming;currencies;de;details;every;examining;explanation;extract;floor;insights;modulo;monitoring;parsing;perform;performance;polar;presentation;recall;reduce;reflected;reflects;relying;responsible;since;statement;success;suited;summary;toward;triangles
item_16ba47b6221ede4f,to to to to to to to to to to to to to to to to to to to to to to to to to to to to to to to to to to to to to to to to to to to to to to to to to to to to to to,accordingly;action;alongside;based;calculating;common;comparing;conditionally;configuration;currencies;de;equals;every;explanation;find;floor;identifiers;modulo;monitoring;nine;parsing;performance;plus;polar;presentation;recall;reduce;statement;success;suited;summary;symmetric;template;triangles
item_213f2555ce16fb8d,with with with with with with with with with with with with with with with with with with with with with with with with with with with with with with with with with with with with with with with with with with with with with with with with with with with with with with,accordingly;action;based;common;comparing;currencies;de;details;explanation;factored;find;floor;future;identifiers;modulo;monitoring;nine;parsing;perform;performance;polar;presentation;real;recall;reduce;reflects;responsible;specifically;statement;success;suited;symmetric;template;triangles
item_54b4145ee2135b88,the the the the the the the the the the the the the the the the the the the the the the the the the the the the the the the the the the the the the the the the the the the the the the the the the the the the the the,accordingly;action;alongside;calculating;common;currencies;de;decided;equals;example;explanation;find;future;identifiers;intended;linear;monitoring;nine;parsing;pause;performance;plus;polar;presentation;recall;reduce;reflects;related;relying;specifically;statement;success;symmetric;triangles
item_bd038a84064dd3e3,with with with with with with with with with with with with with with with with with with with with with with with with with with with with with with with with with with with with with with with with with with with with with with with with with with with with with with,action;alongside;calculating;common;comparing;de;equals;every;examining;example;explanation;find;identifiers;intended;parsing;performance;plus;polar;presentation;real;recall;reduce;reduced;reflects;related;restriction;sides;since;statement;suited;summary;symmetric;toward;triangles
item_6b8b0ac164a77b36,the the the the the the the the the the the the the the the the the the the the the the the the the the the the the the the the the the the the the the the the the the the the the the the the the the the the the the,action;alongside;assess;calculating;common;concluded;configuration;currencies;de;details;equals;every;few;future;identifiers;linear;modulo;monitoring;nine;parsing;perform;performance;polar;presentation;recall;reduce;reflected;reflects;related;statement;suited;summary;toward;triangles
item_bc37377bc08d48b3,return return return return return return return return return return return return return return return return return return return return return return return return return return return return return return return return return return return return return return return return return return return return return return return return return return return return return return,action;alongside;appropriately;arguments;bound;closes;common;concluded;descending;direct;equals;every;examining;explanation;help;identity;indicating;input;invalid;linear;parsing;perform;performance;polar;presentation;real;reduce;relying;representation;sets;specifying;statement;time;triangles
item_7683727debf82dfe,the the the the the the the the the the the the the the the the the the the the the the the the the the the the the the the the the the the the the the the the the the the the the the the the the the the the the the,action;alongside;characters;common;count;currencies;de;details;every;explanation;factored;future;helper;input;linear;modulo;nine;parsing;perform;performance;plus;polar;presentation;recall;reduce;reflects;related;relying;specifically;statement;success;summarized;symmetric;triangles
item_4c85410a0b2fc57b,the the the the the the the the the the the the the the the the the the the the the the the the the the the the the the the the the the the the the the the the the the the the the the the the the the the the the the,action;alongside;arrangements;based;calculating;characters;common;conditionally;configuration;de;equals;every;explanation;identifiers;linear;modulo;nine;parsing;performance;polar;presentation;real;recall;reduce;reflected;reflects;related;specifically;statement;suited;summary;template;toward;triangles
item_20495c694fb6bf7e,and and and and and and and and and and and and and and and the the the the the the the the the the the the the the the the the the the the the the the the the the the the the the the the the the the the the the the,action;alongside;assess;based;bound;characters;common;de;details;equals;every;example;flag;identifiers;linear;modulo;parsing;perform;performance;polar;presentation;recall;reduce;reflects;related;relying;sets;sides;statement;suited;summary;template;toward;triangles
item_e94905d4a995067f,to to to to to to to to to to to to to to to to to to to to to to to to to to to to to to to to to to to to to to to to to to to to to to to to to to to to to to,action;alongside;arrangements;calculating;characters;common;de;empty;encouraging;equals;every;few;flag;floor;identifiers;least;modulo;nine;parsing;performance;polar;presentation;real;reduce;reflected;reflects;related;since;specifically;statement;suited;summary;toward;triangles
item_b3a6d4a881e656d2,to to to to to to to to to to to to to to to to to to to to to to to to to to to to to to to to to to to to to to to to to to to to to to to to to to to to to to,action;alongside;calculating;characters;common;configuration;currencies;de;encouraging;every;explanation;few;floor;identifiers;linear;modulo;nine;parsing;perform;performance;polar;presentation;recall;reduce;reflected;reflects;related;relying;statement;success;suited;summary;symmetric;triangles
item_4a74f9c337ff8eba,with with with with with with with with with with with with with with with with with with with with with with with with with with with with with with with with with with with with with with with with with with with with with with with with with with with with with with,action;alongside;block;calculating;common;configuration;currencies;de;details;equals;every;explanation;find;floor;intended;nine;only;parsing;performance;plus;polar;presentation;recall;reduce;related;relying;specifically;specifying;statement;success;suited;summary;symmetric;triangles
item_6d3afcae0ced1585,the the the the the the the the the the the the the the the the the the the the the the the the the the the the the the the the the the the the the the the the the the the the the the the the the the the the the the,accordingly;action;alongside;arrangements;calculating;characters;common;configuration;de;empty;every;few;identifiers;monitoring;nine;parsing;performance;polar;presentation;real;recall;reduce;reflected;reflects;related;relying;rounds;specifically;statement;suited;summary;template;toward;triangles
item_0d0875f7d58390bd,the the the the the the the the the the the the the the the the the the the the the the the the the the the the the the the the the the the the the the the the the the the the the the the the the the the the the the,action;alongside;arrangements;calculating;characters;common;de;equals;every;few;flag;identifiers;least;linear;modulo;parsing;perform;performance;polar;presentation;prevents;recall;reduce;reflected;reflects;related;rounds;specifically;statement;suited;summary;toward;translated;triangles
item_b92d9e9a9b282f6b,to to to to to to to to to to to to to to to to to to to to to to to to to to to to to to to to to to to to to to to to to to to to to to to to to to to to to to,alongside;calculating;characters;common;configuration;currencies;de;decided;details;every;examining;explanation;factored;find;floor;helper;identifiers;modulo;nine;parsing;perform;performance;plus;polar;presentation;real;recall;reduce;reflects;related;statement;suited;symmetric;triangles
item_dd6427d7dc445f9a,squares squares squares squares squares squares squares squares squares squares squares squares squares squares squares squares squares squares squares squares squares squares squares squares squares squares squares squares squares squares squares squares squares squares squares squares squares squares squares squares squares squares squares squares squares squares squares squares squares squares squares squares squares squares,action;alongside;based;characters;common;comparing;currencies;de;descending;details;direct;endpoint;equals;every;examining;explanation;future;helper;identifiers;identity;indicating;modulo;parsing;performance;presentation;recall;reduce;related;relying;specifying;statement;suited;summary;triangles
item_3a087aac124d33a5,the the the the the the the the the the the the the the the the the the the the the the the the the the the the the the the the the the the the the the the the the the the the the the the the the the the the the the,action;alongside;applied;calculating;characters;common;comparing;configuration;currencies;de;details;empty;encouraging;every;identifiers;modulo;nine;parsing;performance;polar;presentation;recall;reduce;reflected;related;relying;rounds;since;statement;suited;summary;template;toward;triangles
item_2195839e7f4f51de,the the the the the the the the the the the the the the the the the the the the the the the the the the the the the the the the the the the the the the the the the the the the the the the the the the the the the the,accordingly;action;alongside;common;configuration;de;decided;details;equals;every;explanation;find;floor;future;linear;modulo;parsing;performance;plus;polar;presentation;real;recall;reduce;reflected;related;specifically;statement;success;suited;summarized;summary;symmetric;triangles
item_446399e37fb889a8,the the the the the the the the the the the the the the the the the the the the the the the the the the the the the the the the the the the the the the the the the the the the the the the the the the the the the the,action;alongside;based;bound;calculating;characters;common;comparing;de;encouraging;every;factored;few;flag;identifiers;linear;metadata;parsing;perform;performance;polar;presentation;reduce;reflected;reflects;related;relying;statement;suited;summary;thinking;translated;triangles;validation
item_9a13cf59beb991ae,version version version version version version version version version version version version version version version version version version version version version version version version version version version version version version version version version version version version version version version version version version version version version version version version version version version version version version,action;alongside;appropriately;based;calculating;characters;common;de;efficiently;every;factored;floor;future;identifiers;identity;input;insights;linear;parsing;perform;performance;polar;presentation;recall;reduce;relying;responsible;retrieving;since;specifically;specifying;statement;suited;triangles
item_3788623e21ea1e78,the the the the the the the the the the the the the the the the the the the the the the the the the the the the the the the the the the the the the the the the the the the the the the the the the the the the the the,action;alongside;based;characters;common;confirming;currencies;de;details;equals;every;floor;future;linear;nine;parsing;performance;plus;polar;presentation;recall;reduce;reflected;responsible;sets;since;specifically;specifying;statement;success;suited;summary;triangles;types
item_23c42e5148e2dca7,to to to to to to to to to to to to to to to to to to to to to to to to to to to to to to to to to to to to to to to to to to to to to to to to to to to to to to,action;alongside;calculating;characters;common;conditionally;currencies;de;decided;encouraging;every;floor;identifiers;linear;modulo;monitoring;nine;parsing;performance;plus;polar;presentation;recall;reduce;reflected;reflects;related;relying;statement;success;suited;summary;symmetric;triangles
item_4f0a7b85fadb271f,to to to to to to to to to to to to to to to to to to to to to to to to to to to to to to to to to to to to to to to to to to to to to to to to to to to to to to,action;alongside;calculating;characters;common;comparing;de;equals;every;explanation;floor;handling;identifiers;ignoring;modulo;monitoring;nine;parsing;performance;polar;presentation;real;recall;reduce;related;specifically;statement;success;suited;summary;symmetric;template;threshold;triangles
item_f5b05c527b6668da,the the the the the the the the the the the the the the the the the the the the the the the the the the the the the the the the the the the the the the the the the the the the the the the the the the the the the the,action;alongside;based;characters;comparing;de;decided;encouraging;equals;every;explanation;few;flag;helper;identifiers;indicating;linear;modulo;parsing;performance;plus;polar;presentation;recall;reduce;reflected;reflects;related;relying;since;specifically;statement;summary;triangles
item_ebc0be025ae723c2,to to to to to to to to to to to to to to to to to to to to to to to to to to to to to to to to to to to to to to to to to to to to to to to to to to to to to to,action;alongside;arrangements;calculating;characters;common;conditionally;de;details;equals;every;few;floor;identifiers;modulo;monitoring;parsing;perform;performance;polar;presentation;real;reduce;reflected;reflects;related;sets;statement;suited;summary;toward;translated;triangles;undefined
item_44ce8a93e3c85cf3,the the the the the the the the the the the the the the the the the the the the the the the the the the the the the the the the the the the the the the the the the the the the the the the the the the the the the the,action;alongside;calculated;calculating;characters;common;configuration;de;decided;encouraging;equals;every;explanation;find;floor;identifiers;modulo;nine;parsing;perform;performance;plus;polar;presentation;real;recall;reduce;related;relying;statement;suited;symmetric;threshold;triangles
item_d4a4e72eadc550ef,for for for for for for for for for for for for for for for for for for for for for for for for for for for for for for for for for for for for for for for for for for for for for for for for for for for for for for,accordingly;action;alongside;calculating;common;configuration;currencies;de;decided;equals;every;explanation;floor;future;intended;linear;monitoring;nine;parsing;performance;plus;polar;presentation;recall;reduce;reflects;statement;success;suited;summarized;summary;symmetric;template;triangles
item_46a61867e6c74e75,4 4 4 4 4 4 4 4 4 4 4 4 4 4 4 4 4 4 4 4 4 4 4 4 4 4 4 4 4 4 4 4 4 4 4 4 4 4 4 4 4 4 4 4 4 4 4 4 4 4 4 4 4 4,action;alongside;bound;calculated;calculating;characters;common;comparing;decided;detecting;equals;every;few;future;groups;identifiers;linear;link;modulo;parsing;performance;polar;presentation;recall;reduce;reflected;reflects;related;relying;statement;suited;summary;toward;triangles
item_7c7e2be562d4429c,setup setup setup setup setup setup setup setup setup setup setup setup setup setup setup setup setup setup setup setup setup setup setup setup setup setup setup setup setup setup setup setup setup setup setup setup setup setup setup setup setup setup setup setup setup setup setup setup setup setup setup setup setup setup,action;alongside;arguments;characters;common;currencies;de;descending;details;equals;factored;floor;handle;help;identifiers;identity;indicating;input;linear;link;modulo;only;parsing;perform;performance;presentation;reduce;relying;responsible;sets;specifically;specifying;statement;suited
item_ffc205416307a899,2 2 2 2 2 2 2 2 2 2 2 2 2 2 2 2 2 2 2 2 2 2 2 2 2 2 2 2 2 2 2 2 2 2 2 2 2 2 2 2 2 2 2 2 2 2 2 2 2 2 2 2 2 2,action;alongside;calculating;common;comparing;concluded;currencies;de;details;equals;every;examining;explanation;floor;handle;identifiers;linear;outside;parsing;performance;plus;polar;presentation;radius;real;recall;reduce;reflected;related;statement;success;suited;symmetric;triangles
item_2e05d1917f80aa5c,if if if if if if if if if if if if if if if if if if if if if if if if if if if if if if if if if if if if if if if if if if if if if if if if if if if if if if,action;adjusting;alongside;bound;characters;common;conditionally;de;details;direct;encouraging;every;explanation;factored;figures;floor;future;indicating;invalid;parsing;perform;performance;plus;real;reduce;reflects;related;relying;result;sets;statement;summary;triangles;unrelated
item_6ce9a916a31da852,1 1 1 1 1 1 1 1 1 1 1 1 1 1 1 1 1 1 1 1 1 1 1 1 1 1 1 1 1 1 1 1 1 1 1 1 1 1 1 1 1 1 1 1 1 1 1 1 1 1 1 1 1 1,action;alongside;assess;calculating;characters;common;de;details;every;example;few;flag;identifiers;modulo;nine;parsing;perform;performance;plus;polar;presentation;real;reduce;reflected;reflects;related;sides;state;statement;suited;summary;toward;triangles;understand
item_1778686d01bef849,for for for for for for for for for for for for for for for for for for for for for for for for for for for for for for for for for for for for for for for for for for for for for for for for for for for for for for,action;adjusting;alongside;analysis;appropriately;bound;characters;common;compares;de;definitions;descending;details;direct;equals;help;identity;input;invalid;linear;parsing;perform;performance;presentation;reduce;relying;representation;responsible;sets;specifically;specifying;statement;triangles;validation
item_7dada7bece057341,to to to to to to to to to to to to to to to to to to to to to to to to to to to to to to to to to to to to to to to to to to to to to to to to to to to to to to,accordingly;action;alongside;based;common;configuration;currencies;de;equals;every;explanation;find;linear;modulo;monitoring;nine;only;parsing;performance;plus;polar;presentation;recall;reduce;reflects;relying;specifying;statement;success;suited;summarized;summary;symmetric;triangles
item_91dbf506df7d7b54,directory directory directory directory directory directory directory directory directory directory directory directory directory directory directory directory directory directory directory directory directory directory directory directory directory directory directory directory directory directory directory directory directory directory directory directory directory directory directory directory directory directory directory directory directory directory directory directory directory directory directory directory directory directory,action;alongside;arrangements;calculating;common;configuration;de;decided;details;encouraging;equals;every;few;flag;identifiers;linear;modulo;nine;parsing;performance;polar;presentation;recall;reduce;reflected;reflects;related;relying;specifically;statement;suited;threshold;toward;triangles
item_1c18a9c997bd3405,1 1 1 1 1 1 1 1 1 1 1 1 1 1 1 1 1 1 1 1 1 1 1 1 1 1 1 1 1 1 1 1 1 1 1 1 1 1 1 1 1 1 1 1 1 1 1 1 1 1 1 1 1 1,action;alongside;bound;characters;common;de;descending;details;direct;every;examining;explanation;factored;floor;future;help;input;insights;linear;parsing;perform;performance;plus;polar;presentation;reduce;related;relying;representation;specifying;statement;symmetric;triangles;undefined
item_da7a2f63ca6d0a79,the the the the the the the the the the the the the the the the the the the the the the the the the the the the the the the the the the the the the the the the the the the the the the the the the the the the the the,action;alongside;based;bound;calculating;characters;common;conditionally;de;decided;empty;encouraging;equals;every;few;flag;floor;identifiers;linear;metadata;nine;parsing;performance;polar;presentation;real;reflects;related;statement;suited;summary;template;toward;triangles
item_eb6ab204b02632cb,to to to to to to to to to to to to to to to to to to to to to to to to to to to to to to to to to to to to to to to to to to to to to to to to to to to to to to,action;alongside;arrangements;calculating;characters;common;comparing;currencies;de;equals;every;explanation;few;identifiers;linear;modulo;nine;parsing;performance;polar;presentation;radius;recall;reduce;reflected;reflects;related;sides;since;statement;suited;summary;toward;triangles
item_f7613d66c6d85b15,to to to to to to to to to to to to to to to to to to to to to to to to to to to to to to to to to to to to to to to to to to to to to to to to to to to to to to,accordingly;action;alongside;calculating;common;currencies;de;decided;equals;every;explanation;factored;floor;linear;modulo;nine;parsing;performance;plus;polar;presentation;recall;reduce;related;relying;specifically;state;statement;success;suited;summary;symmetric;template;triangles
item_281d3e8b9282e0ae,to to to to to to to to to to to to to to to to to to to to to to to to to to to to to to to to to to to to to to to to to to to to to to to to to to to to to to,action;alongside;applied;arrangements;based;calculating;common;comparing;conditionally;de;details;encouraging;equals;every;flag;identifiers;modulo;parsing;perform;performance;polar;presentation;real;recall;reduce;reflected;related;rounds;sides;specifically;statement;suited;toward;triangles
item_5f0d1a617c6c9590,to to to to to to to to to to to to to to to to to to to to to to to to to to to to to to to to to to to to to to to to to to to to to to to to to to to to to to,action;alongside;calculating;characters;common;comparing;de;decided;equals;every;example;explanation;factored;floor;identifiers;intended;modulo;monitoring;nine;parsing;performance;plus;polar;presentation;real;recall;reduce;reflects;related;relying;statement;suited;symmetric;triangles
item_372412bbb365fed7,to to to to to to to to to to to to to to to to to to to to to to to to to to to to to to to to to to to to to to to to to to to to to to to to to to to to to to,action;alongside;arrangements;calculating;characters;common;conditionally;currencies;de;decided;equals;every;explanation;floor;identifiers;linear;nine;parsing;perform;performance;plus;polar;presentation;recall;reduce;reflects;related;relying;specifically;statement;suited;summary;symmetric;triangles
item_34b6b2392cf74e64,class class class class class class class class class class class class class class class class class class class class class class class class class class class class class class class class class class class class class class class class class class class class class class class class class class class class class class,action;alongside;arguments;based;calculating;compares;de;details;direct;every;extra;help;identity;insights;linear;metadata;parsing;perform;performance;presentation;python;real;reduce;relying;retrieving;sets;several;since;statement;suited;symmetric;template;triangles;utility
item_2989c93db8a7c560,the the the the the the the the the the the the the the the the the the the the the the the the the the the the the the the the the the the the the the the the the the the the the the the the the the the the the the,action;alongside;characters;common;currencies;de;decided;details;every;example;explanation;factored;find;floor;identifiers;modulo;nine;parsing;perform;performance;plus;polar;presentation;recall;reduce;reflects;related;relying;specifically;statement;success;symmetric;titles;triangles
item_17305cd96c06fcac,have have have have have have have have have have have have have have have have have have have have have have have have have have have have have have have have have have have have have have have have have have have have have have have have have have have have have have,action;alongside;applied;calculating;characters;common;de;decided;encouraging;every;factored;flag;floor;helper;identifiers;modulo;nine;parsing;performance;plus;polar;presentation;real;recall;reduce;reflected;reflects;related;sides;statement;suited;summary;toward;triangles
item_bba52354b96b8370,json json json json json json json json json json json json json json json json json json json json json json json json json json json json json json json json json json json json json json json json json json json json json json json json json json json json json json,action;calculating;characters;common;conditionally;de;encouraging;equals;every;few;floor;identifiers;monitoring;nine;parsing;performance;plus;polar;presentation;real;recall;reduce;reflected;reflects;related;restriction;since;specifically;statement;suited;summary;symmetric;toward;triangles
item_5ce54e9859b8adda,extraction extraction extraction extraction extraction extraction extraction extraction extraction extraction extraction extraction extraction extraction extraction extraction extraction extraction extraction extraction extraction extraction extraction extraction extraction extraction extraction extraction extraction extraction extraction extraction extraction extraction extraction extraction extraction extraction extraction extraction extraction extraction extraction extraction extraction extraction extraction extraction extraction extraction extraction extraction extraction extraction,action;alongside;calculating;common;comparing;confirming;currencies;de;decided;equals;every;explanation;factored;find;floor;identifiers;modulo;nine;parsing;performance;plus;polar;presentation;recall;reduce;reflects;related;relying;restriction;statement;success;suited;summary;triangles
item_b01b9d9e48f8665c,provided provided provided provided provided provided provided provided provided provided provided provided provided provided provided provided provided provided provided provided provided provided provided provided provided provided provided provided provided provided provided provided provided provided provided provided provided provided provided provided provided provided provided provided provided provided provided provided provided provided provided provided provided provided,action;alongside;calculating;common;comparing;configuration;currencies;de;encouraging;every;explanation;find;floor;future;identifiers;linear;modulo;nine;parsing;perform;performance;plus;polar;presentation;recall;reduce;related;relying;since;suited;summarized;summary;symmetric;triangles
item_fb50afb6efdf4f48,to to to to to to to to to to to to to to to to to to to to to to to to to to to to to to to to to to to to to to to to to to to to to to to to to to to to to to,action;alongside;assess;based;calculating;characters;common;configuration;currencies;de;equals;every;flag;floor;identifiers;linear;modulo;nine;parsing;performance;polar;presentation;recall;reduce;reflected;reflects;related;state;statement;suited;summary;toward;triangles;undefined
item_1c20a3c4f6b145ce,with with with with with with with with with with with with with with with with with with with with with with with with with with with with with with with with with with with with with with with with with with with with with with with with with with with with with with,accordingly;action;alongside;based;calculating;characters;common;conditionally;configuration;currencies;de;details;every;floor;identifiers;linear;modulo;monitoring;nine;parsing;performance;polar;presentation;radius;recall;reduce;related;relying;statement;success;suited;summary;template;triangles
item_a497820b2c5d7da0,the the the the the the the the the the the the the the the the the the the the the the the the the the the the the the the the the the the the the the the the the the the the the the the the the the the the the the,action;calculating;common;currencies;de;decided;equals;every;examining;explanation;find;floor;helper;intended;link;modulo;nine;parsing;performance;polar;presentation;radius;real;recall;reduce;reflects;related;specifically;statement;success;suited;symmetric;template;triangles
item_be02fd9bacddb140,get get get get get get get get get get get get get get get get get get get get get get get get get get get get get get get get get get get get get get get get get get get get get get get get get get get get get get,action;alongside;calculating;common;comparing;configuration;currencies;de;decided;details;equals;every;helper;identifiers;ignoring;monitoring;nine;parsing;performance;polar;presentation;recall;reduce;reflects;related;relying;since;specifically;statement;success;suited;summary;symmetric;triangles
item_13967642fbf7db7b,tools tools tools tools tools tools tools tools tools tools tools tools tools tools tools tools tools tools tools tools tools tools tools tools tools tools tools tools tools tools tools tools tools tools tools tools tools tools tools tools tools tools tools tools tools tools tools tools tools tools tools tools tools tools,action;alongside;arrangements;calculating;characters;common;de;details;every;few;flag;identifiers;modulo;monitoring;nine;parsing;performance;polar;presentation;prevents;real;recall;reduce;reflected;reflects;related;rounds;state;statement;suited;summary;template;toward;triangles
item_b1d3b821fb4ba4cf,to to to to to to to to to to to to to to to to to to to to to to to to to to to to to to to to to to to to to to to to to to to to to to to to to to to to to to,action;alongside;calculating;common;comparing;configuration;currencies;de;equals;every;explanation;find;floor;identifiers;identity;ignoring;intended;modulo;monitoring;parsing;performance;plus;polar;presentation;radius;recall;reduce;related;specifically;statement;success;suited;symmetric;triangles
item_ae2dcafca2b23012,quotes quotes quotes quotes quotes quotes quotes quotes quotes quotes quotes quotes quotes quotes quotes quotes quotes quotes quotes quotes quotes quotes quotes quotes quotes quotes quotes quotes quotes quotes quotes quotes quotes quotes quotes quotes quotes quotes quotes quotes quotes quotes quotes quotes quotes quotes quotes quotes quotes quotes quotes quotes quotes quotes,action;alongside;calculating;common;comparing;currencies;de;equals;every;example;factored;find;floor;identifiers;modulo;monitoring;nine;parsing;performance;plus;polar;presentation;real;recall;reduce;related;since;specifically;specifying;statement;suited;summary;symmetric;triangles
item_79170787d4969f8c,the the the the the the the the the the the the the the the the the the the the the the the the the the the the the the the the the the the the the the the the the the the the the the the the the the the the the the,accordingly;action;alongside;calculating;characters;common;comparing;configuration;currencies;de;decided;equals;every;explanation;factored;modulo;monitoring;nine;parsing;performance;plus;polar;presentation;real;recall;reduce;related;specifically;statement;suited;symmetric;template;threshold;triangles
item_7d1e34d6c9edf5c4,get get get get get get get get get get get get get get get get get get get get get get get get get get get get get get get get get get get get get get get get get get get get get get get get get get get get get get,action;alongside;calculating;characters;common;comparing;configuration;de;details;equals;every;explanation;floor;groups;identifiers;modulo;nine;parsing;performance;plus;polar;presentation;reduce;reflects;related;relying;since;statement;success;suited;summary;template;toward;triangles
item_b5de7f00e74aa613,50 50 50 50 50 50 50 50 50 50 50 50 50 50 50 50 50 50 50 50 50 50 50 50 50 50 50 50 50 50 50 50 50 50 50 50 50 50 50 50 50 50 50 50 50 50 50 50 50 50 50 50 50 50,action;alongside;based;bound;common;comparing;conditionally;configuration;de;equals;every;examining;explanation;factored;helper;identifiers;insights;metadata;parsing;performance;polar;presentation;recall;reduce;related;relying;since;statement;suited;summary;threshold;toward;triangles;undefined
item_7d22c6ece4d7fcf3,to to to to to to to to to to to to to to to to to to to to to to to to to to to to to to to to to to to to to to to to to to to to to to to to to to to to to to,action;alongside;bound;calculating;characters;common;de;details;every;few;floor;identifiers;linear;modulo;nine;parsing;performance;plus;polar;presentation;real;recall;reduce;reflected;reflects;related;sides;since;specifically;statement;suited;summary;toward;triangles
item_d1e690cea070c085,the the the the the the the the the the the the the the the the the the the the the the the the the the the the the the the the the the the the the the the the the the the the the the the the the the the the the the,action;alongside;calculating;common;comparing;currencies;de;equals;every;explanation;find;floor;identifiers;intended;nine;parsing;perform;performance;plus;polar;presentation;real;recall;reduce;reflects;related;relying;since;specifically;statement;suited;symmetric;template;triangles
item_842db13f907127dd,the the the the the the the the the the the the the the the the the the the the the the the the the the the the the the the the the the the the the the the the the the the the the the the the the the the the the the,action;alongside;appropriately;common;concluded;configuration;currencies;de;descending;details;direct;endpoint;equals;every;examining;input;invalid;linear;measure;parsing;perform;performance;presentation;real;recall;reduce;relying;sets;specifically;specifying;statement;suited;triangles;undefined
item_e4fd924168e59054,the the the the the the the the the the the the the the the the the the the the the the the the the the the the the the the the the the the the the the the the the the the the the the the the the the the the the the,accordingly;action;alongside;based;calculating;common;configuration;currencies;de;details;equals;every;example;explanation;floor;identifiers;indicating;linear;modulo;parsing;performance;plus;polar;presentation;real;reduce;reflects;relying;responsible;specifically;statement;suited;template;triangles
item_34e7c39de4ec59dc,the the the the the the the the the the the the the the the the the the the the the the the the the the the the the the the the the the the the the the the the the the the the the the the the the the the the the the,action;alongside;based;calculating;characters;common;comparing;currencies;de;encouraging;equals;every;explanation;few;flag;floor;identifiers;linear;nine;parsing;performance;polar;presentation;recall;reduce;reflected;reflects;related;relying;statement;suited;summary;template;triangles
item_6c444b0829adb7e3,to to to to to to to to to to to to to to to to to to to to to to to to to to to to to to to to to to to to to to to to to to to to to to to to to to to to to to,accordingly;action;alongside;calculating;common;comparing;currencies;de;details;encouraging;equals;every;explanation;find;floor;identifiers;nine;parsing;perform;performance;plus;polar;presentation;recall;reduce;related;relying;statement;suited;summarized;summary;symmetric;template;triangles
item_13a07f3a2c5454c8,1 1 1 1 1 1 1 1 1 1 1 1 1 1 1 1 1 1 1 1 1 1 1 1 1 1 1 1 1 1 1 1 1 1 1 1 1 1 1 1 1 1 1 1 1 1 1 1 1 1 1 1 1 1,action;adjusting;alongside;calculating;characters;common;configuration;currencies;de;every;examining;explanation;factored;floor;linear;nine;parsing;perform;performance;plus;polar;real;recall;reduce;reflected;reflects;related;relying;responsible;statement;success;suited;threshold;triangles
item_8451b39eb2a8b338,the the the the the the the the the the the the the the the the the the the the the the the the the the the the the the the the the the the the the the the the the the the the the the the the the the the the the the,accordingly;alongside;based;calculating;common;conditionally;currencies;de;every;explanation;find;floor;future;identifiers;linear;modulo;monitoring;parsing;perform;performance;plus;polar;presentation;real;recall;reduce;reflects;related;relying;responsible;statement;symmetric;template;triangles
item_6e144291fff15050,the the the the the the the the the the the the the the the the the the the the the the the the the the the the the the the the the the the the the the the the the the the the the the the the the the the the the the,accordingly;action;alongside;calculating;common;comparing;configuration;currencies;de;decided;equals;every;example;explanation;find;future;identifiers;modulo;nine;parsing;performance;plus;polar;presentation;recall;reduce;related;specifically;statement;suited;summary;symmetric;template;triangles
item_81fc08633f66d62b,to to to to to to to to to to to to to to to to to to to to to to to to to to to to to to to to to to to to to to to to to to to to to to to to to to to to to to,accordingly;action;alongside;calculating;common;currencies;de;encouraging;equals;every;explanation;floor;handling;linear;modulo;nine;parsing;performance;plus;polar;presentation;real;recall;reduce;related;relying;since;statement;success;summary;symmetric;template;toward;triangles
item_36ee40c7e6df8462,have have have have have have have have have have have have have have have have have have have have have have have have have have have have have have have have have have have have have have have have have have have have have have have have have have have have have have,action;alongside;based;calculating;common;comparing;configuration;currencies;de;encouraging;equals;every;find;future;identifiers;linear;monitoring;only;parsing;perform;performance;plus;polar;presentation;recall;reduce;relying;specifying;statement;success;suited;summarized;symmetric;triangles
item_c62603774f7b95f6,the the the the the the the the the the the the the the the the the the the the the the the the the the the the the the the the the the the the the the the the the the the the the the the the the the the the the the,action;alongside;based;calculating;characters;common;conditionally;configuration;de;encouraging;equals;every;explanation;floor;identifiers;linear;modulo;nine;parsing;perform;performance;polar;presentation;real;recall;reduce;reflected;related;statement;suited;summary;template;toward;triangles
item_a4f62f2f759dacd4,to to to to to to to to to to to to to to to to to to to to to to to to to to to to to to to to to to to to to to to to to to to to to to to to to to to to to to,action;alongside;calculating;characters;common;configuration;de;encouraging;equals;every;explanation;few;flag;floor;identifiers;linear;modulo;nine;parsing;perform;performance;polar;presentation;real;recall;reduce;reflected;reflects;related;since;statement;suited;toward;triangles
item_b633dcaeb9e639c3,sensor sensor sensor sensor sensor sensor sensor sensor sensor sensor sensor sensor sensor sensor sensor sensor sensor sensor sensor sensor sensor sensor sensor sensor sensor sensor sensor sensor sensor sensor sensor sensor sensor sensor sensor sensor sensor sensor sensor sensor sensor sensor sensor sensor sensor sensor sensor sensor sensor sensor sensor sensor sensor sensor,action;alongside;calculating;common;comparing;currencies;de;decided;equals;every;explanation;floor;helper;identifiers;ignoring;modulo;monitoring;nine;parsing;perform;performance;polar;presentation;radius;real;recall;reduce;reflects;related;responsible;statement;summarized;symmetric;triangles
item_ff0614ced534b349,angle angle angle angle angle angle angle angle angle angle angle angle angle angle angle angle angle angle angle angle angle angle angle angle angle angle angle angle angle angle angle angle angle angle angle angle angle angle angle angle angle angle angle angle angle angle angle angle angle angle angle angle angle angle,action;alongside;bound;characters;common;comparing;currencies;de;every;examining;floor;identifiers;intended;line;linear;metadata;modulo;monitoring;parsing;performance;polar;presentation;real;reduce;relying;responsible;statement;success;suited;summarized;toward;triangles;undefined;validation
item_7f79f39f916a28b6,have have have have have have have have have have have have have have have have have have have have have have have have have have have have have have have have have have have have have have have have have have have have have have have have have have have have have have,accordingly;action;calculating;common;comparing;configuration;currencies;de;decided;details;equals;every;explanation;floor;identifiers;linear;modulo;monitoring;parsing;performance;plus;polar;presentation;recall;reduce;related;relying;since;statement;success;suited;symmetric;toward;triangles
item_f6cc08c5c22edf12,to to to to to to to to to to to to to to to to to to to to to to to to to to to to to to to to to to to to to to to to to to to to to to to to to to to to to to,action;alongside;calculating;characters;common;configuration;currencies;de;details;equals;every;explanation;floor;future;linear;modulo;nine;parsing;perform;performance;plus;polar;presentation;recall;reduce;related;relying;responsible;specifically;statement;success;suited;summarized;triangles
item_69ec2887600eae8e,under under under under under under under under under under under under under under under under under under under under under under under under under under under under under under under under under under under under under under under under under under under under under under under under under under under under under under,action;alongside;calculating;characters;common;conditionally;configuration;currencies;de;decided;every;explanation;floor;identifiers;insights;intended;modulo;monitoring;nine;parsing;performance;plus;polar;presentation;reduce;related;relying;since;specifically;statement;suited;summary;symmetric;triangles
item_c5ce0c7a1b01e7ee,end end end end end end end end end end end end end end end end end end end end end end end end end end end end end end end end end end end end end end end end end end end end end end end end end end end end end end,action;alongside;based;calculating;characters;common;concluded;configuration;currencies;de;encouraging;every;explanation;factored;floor;future;help;input;modulo;nine;parsing;perform;performance;plus;polar;presentation;real;reduce;related;responsible;statement;suited;template;triangles
item_658b5cb4d1e47802,to to to to to to to to to to to to to to to to to to to to to to to to to to to to to to to to to to to to to to to to to to to to to to to to to to to to to to,action;alongside;based;calculating;common;comparing;de;equals;every;example;explanation;factored;find;floor;future;identifiers;monitoring;nine;parsing;performance;plus;polar;presentation;real;recall;reduce;related;relying;specifying;statement;success;summary;symmetric;triangles
item_bba5a1bea0608081,the the the the the the the the the the the the the the the the the the the the the the the the the the the the the the the the the the the the the the the the the the the the the the the the the the the the the the,action;alongside;calculating;characters;common;de;decided;equals;every;example;explanation;floor;identifiers;linear;modulo;monitoring;nine;parsing;perform;performance;polar;presentation;real;recall;reduce;related;relying;specifically;statement;success;suited;threshold;toward;triangles
item_129384e90f5c3713,the the the the the the the the the the the the the the the the the the the the the the the the the the the the the the the the the the the the the the the the the the the the the the the the the the the the the the,action;alongside;based;characters;common;de;decided;details;equals;every;example;explanation;floor;helper;identifiers;modulo;monitoring;nine;parsing;perform;performance;polar;presentation;recall;reduce;reflects;related;sets;since;statement;suited;summary;threshold;triangles
item_828bf5eedbb77fee,to to to to to to to to to to to to to to to to to to to to to to to to to to to to to to to to to to to to to to to to to to to to to to to to to to to to to to,action;alongside;based;calculating;common;comparing;concluded;currencies;de;details;encouraging;equals;every;examining;explanation;floor;handle;input;linear;only;parsing;perform;performance;plus;polar;presentation;real;recall;reduce;since;specifying;statement;suited;triangles
item_b4e752758693696a,the the the the the the the the the the the the the the the the the the the the the the the the the the the the the the the the the the the the the the the the the the the the the the the the the the the the the the,action;alongside;characters;common;configuration;confirming;currencies;de;encouraging;equals;every;explanation;find;floor;future;identifiers;insights;parsing;perform;performance;plus;polar;presentation;recall;reduce;related;relying;specifically;specifying;statement;success;suited;summary;symmetric
item_e6fb20ebb2888220,to to to to to to to to to to to to to to to to to to to to to to to to to to to to to to to to to to to to to to to to to to to to to to to to to to to to to to,action;alongside;calculating;common;currencies;de;details;encouraging;every;examining;explanation;find;floor;identifiers;likely;modulo;monitoring;nine;parsing;performance;plus;polar;presentation;recall;reduce;reflects;related;relying;statement;success;suited;summary;symmetric;triangles
item_2e6d0c8dead61d80,to to to to to to to to to to to to to to to to to to to to to to to to to to to to to to to to to to to to to to to to to to to to to to to to to to to to to to,action;alongside;applied;based;calculating;common;configuration;de;details;empty;encouraging;equals;every;floor;identifiers;modulo;parsing;performance;plus;polar;presentation;real;recall;reduce;related;relying;specifically;statement;success;suited;summary;symmetric;template;triangles
