id,predicted_restatement,introduced_terms
item_1bc661fd8c58df73,elementary elementary elementary elementary elementary elementary elementary elementary elementary elementary elementary elementary elementary elementary elementary elementary elementary elementary elementary elementary elementary elementary elementary elementary elementary elementary elementary elementary elementary elementary elementary elementary elementary elementary elementary elementary elementary elementary elementary elementary elementary elementary elementary elementary elementary elementary elementary elementary elementary elementary elementary elementary elementary rating,accordingly;calculated;commented;contains;details;empty;encouraging;every;examined;filtering;ids;inequality;inspiring;modified;modulo;nine;obtain;perform;period;plus;presence;presentation;properly;radius;reliably;session;sides;state;statement;status;suited;template;titles;twice
item_cbe5a5c8365b9bf9,0 0 0 0 0 0 0 0 0 0 0 0 0 0 0 0 0 0 0 0 0 0 0 0 0 0 0 0 0 0 0 0 0 0 0 0 0 0 0 0 0 0 0 0 0 0 0 0 0 0 0 0 0 beginpmatrix,accordingly;action;answers;calculated;calculating;commented;contains;details;empty;encouraging;filtering;helper;ids;inequality;modified;nine;obtain;plus;presence;presentation;radius;recognizing;reliably;root;single;state;statement;status;successfully;suited;template;titles;tracked;twice
item_ff31b53ef0221fc0,need need need need need need need need need need need need need need need need need need need need need need need need need need need need need need need need need need need need need need need need need need need need need need need need need need need need call call,accordingly;commented;comparison;contains;details;empty;encouraging;every;ids;inequality;inspiring;least;link;modified;modulo;nine;obtain;plus;presence;presentation;properly;radius;reliably;roles;root;sides;single;state;statement;status;suited;template;titles;translated
item_607422886df705c2,the the the the the the user user user user user user user user user user user user user user user user user user user user user user user user user user user user user user user user user user user user user user user user user user user user user user user the,accordingly;appropriately;calculated;case;commented;contains;details;empty;encouraging;every;filtering;ids;inequality;inspiring;modified;modulo;nine;obtain;period;plus;presentation;properly;radius;recognizing;reliably;root;single;state;statement;suited;template;titles;tracked;twice
item_468115d37b883eac,this this this this this this this this this this this this this this this this this this this this this this this this this this this this this this this this this this this this this this this this this this this this this this this this this this this this this anagrams,accordingly;appropriately;commented;comparison;contains;derive;details;empty;encouraging;every;ids;inequality;inspiring;modified;modulo;nine;obtain;plus;presence;presentation;properly;radius;recognizing;reliably;root;single;state;statement;status;suited;template;titles;tracked;twice
item_bb243bdcccf50f08,string string string string string string string string string string string string string string string string string string string string string string string string string string string string string string string string string string string the the the the the the the the the the the the the the the the the the the,accordingly;appropriately;calculated;case;commented;contains;details;empty;encouraging;every;ids;inequality;inspiring;modified;modulo;nine;obtain;plus;presence;presentation;properly;radius;reliably;roles;root;state;statement;status;successfully;suited;template;titles;translated;twice
item_89b0aa9384456255,of of of of of of of of of of of of of of of of of of of of of of of of of of of of of of of of of of of of of of of of of of of of of of of of of of of of the the,accordingly;calculated;calculating;case;commented;comparison;contains;details;empty;encouraging;every;filtering;inequality;link;modified;modulo;nine;obtain;period;plus;presentation;properly;radius;reliably;root;session;sides;state;statement;status;suited;template;titles;tracked
item_039df3a25b1a48ca,information information information information information information information information information information information information information information information information information information information information information information information information information information information information information information information information information information information information information information information information information information information information information information information information information information information information information the,accordingly;answers;appropriately;case;commented;contains;empty;encouraging;every;finished;ids;individual;inequality;inspiring;modified;nine;obtain;period;plus;presentation;radius;reflected;related;reliably;root;since;single;state;statement;status;suited;template;titles;tracked
item_5b2c429a36a05ec8,5 5 5 5 5 5 5 5 5 5 5 5 5 5 5 5 5 5 5 5 5 5 5 5 5 5 5 5 5 5 5 5 5 5 5 5 5 5 5 5 5 5 5 5 5 5 5 5 5 5 5 5 5 the,added;answers;appropriately;calculating;commented;contains;details;empty;encouraging;filtering;inequality;inspiring;modified;nine;obtain;performance;plus;presence;presentation;properly;radius;recognizing;reliably;roles;root;state;statement;status;successfully;suited;template;titles;twice;understand
item_f22dab78a1aa7199,12 12 12 12 12 12 12 12 12 12 12 12 12 12 12 12 12 12 12 12 12 12 12 12 12 12 12 12 12 12 12 12 12 12 12 12 12 12 12 12 12 12 12 12 12 12 12 12 12 12 12 12 12 the,accordingly;calculated;calculating;commented;contains;derive;details;empty;encouraging;every;filtering;ids;inequality;inspiring;modified;modulo;nine;obtain;period;plus;presence;presentation;properly;radius;recognizing;reliably;root;single;state;statement;status;suited;template;titles
item_19515b73c17a3a9c,tools tools tools tools tools tools tools tools tools tools tools tools tools tools tools tools tools tools tools tools tools tools tools tools tools tools tools tools tools tools tools tools tools tools tools tools tools tools tools tools tools tools tools tools tools tools tools tools tools tools tools tools the the,accordingly;calculated;case;commented;contains;details;empty;encouraging;every;filtering;ids;inequality;inspiring;modified;modulo;nine;obtain;plus;presentation;properly;radius;recognizing;reliably;roles;root;single;state;statement;status;successfully;suited;template;titles;twice
item_c1858606b521d5ae,tools tools tools tools tools tools tools tools tools tools tools tools tools tools tools tools tools tools tools tools tools tools tools tools tools tools tools tools tools tools tools tools tools tools tools tools tools tools tools tools tools tools tools tools tools tools tools tools tools tools tools tools the the,accordingly;calculated;contains;derive;details;empty;encouraging;every;filtering;ids;inequality;inspiring;modulo;nine;obtain;period;plus;presence;presentation;properly;radius;recognizing;reliably;roles;root;sides;single;state;statement;status;suited;template;titles;twice
item_d2700dd361e03360,function function function function function function function function function function function function function function function function function function function function function function function function function function function function function function function function function function function function function function function function function function function function function function function function function function function function the the,accordingly;commented;contains;definitions;details;empty;encouraging;every;ids;inequality;inspiring;modified;modulo;nine;obtain;perform;plus;pool;presence;presentation;properly;radius;recognizing;reliably;roles;root;sides;state;statement;status;suited;template;titles;twice
item_bf36cda7de80789e,self emphasize emphasize emphasize emphasize emphasize emphasize emphasize emphasize emphasize emphasize emphasize emphasize emphasize emphasize emphasize emphasize emphasize emphasize emphasize emphasize emphasize emphasize emphasize emphasize emphasize emphasize emphasize emphasize emphasize emphasize emphasize emphasize emphasize emphasize emphasize emphasize emphasize emphasize emphasize emphasize emphasize emphasize emphasize emphasize emphasize emphasize emphasize emphasize emphasize emphasize emphasize emphasize emphasize,accordingly;adult;areas;calculating;comparison;contains;details;empty;encouraging;every;ids;inequality;inspiring;modified;modulo;nine;obtain;perform;plus;presence;presentation;properly;radius;reliably;relying;roles;root;sides;state;statement;status;suited;template;titles
item_1e87018f2ec12e26,function function function function function function function function function function function function function function function function function function function function function function function function function function function function function function function function function function function function function function function function function function function function function function function function function function function function function the,accordingly;calculated;calculating;commented;contains;derive;details;empty;encouraging;every;ids;inequality;inspiring;modified;modulo;nine;obtain;perform;performance;plus;pool;presence;presentation;radius;recognizing;reliably;roles;root;state;statement;status;suited;template;twice
item_7bc1f57d254ec22b,x x x x x x x x x x x x x x x x x x x x x x x x x x x x x x x x x x x x x x x x x x x x x x x x x x x x x 4,accordingly;calculated;commented;comparison;contains;details;empty;encouraging;filtering;ids;inequality;inspiring;modified;modulo;nine;obtain;perform;period;plus;presence;presentation;radius;recognizing;reliably;relying;roles;root;safely;single;state;status;suited;template;titles
item_01a56ed01daa674c,stability stability stability stability stability stability stability stability stability stability stability stability stability stability stability stability stability stability stability stability stability stability stability stability stability stability stability stability the the the the the the the the the the the the the the the the the the the the the the the the the the,accordingly;areas;calculated;contains;details;empty;encouraging;every;filtering;ids;inequality;inspiring;integers;intended;link;modified;modulo;nine;performance;period;plus;presentation;properly;radius;reliably;root;sides;state;statement;suited;template;titles;tracked;twice
item_2ab387231c1bdb27,or or or or or or or or or or or or or or or or or or or or or or or or or or or or or or or or or or or or or or or or or or or or or or or or or or or or or the,accordingly;areas;calculated;case;commented;contains;derive;details;empty;encouraging;every;ids;inequality;inspiring;modified;modulo;nine;period;plus;presence;presentation;radius;recognizing;reliably;roles;root;state;statement;status;suited;template;titles;tracked;twice
item_4f6017735b1f7271,0 0 0 0 0 0 0 0 0 0 0 0 0 0 0 0 0 0 0 0 0 0 0 0 0 0 0 0 0 0 0 0 0 0 0 0 0 0 0 0 0 0 0 0 0 0 0 0 0 0 0 0 0 3,accordingly;added;answers;appropriately;commented;contains;details;empty;encouraging;ids;inequality;inspiring;locate;modified;modulo;nine;obtain;performance;plus;presence;presentation;properly;radius;reliably;root;state;statement;status;successfully;suited;template;titles;tracked;twice
item_26ebc1f0854f58ce,import import import import import import import import import import import import import import import import import import import import import import import import import import import import import import import import import import import import import import import import import import import import import import import import import import import import import import,accordingly;appropriately;calculating;commented;contains;details;empty;encouraging;every;inequality;inspiring;modified;modulo;nine;obtain;period;presence;presentation;properly;radius;recognizing;reliably;relying;roles;sides;state;statement;status;suited;template;titles;tracked;twice;understand
item_3aa2628cf72931af,0 0 0 0 0 0 0 0 0 0 0 0 0 0 0 0 0 0 0 0 0 0 0 0 0 0 0 0 0 0 0 0 0 0 0 0 0 0 0 0 0 0 0 0 0 0 0 0 0 0 0 0 0 0,accordingly;areas;commented;contains;derive;details;empty;encouraging;every;ids;inequality;inspiring;link;modified;modulo;nine;obtain;plus;presentation;properly;radius;related;reliably;root;sides;state;statement;status;successfully;suited;template;titles;tracked;twice
item_cd28dac618c6a41a,list list list list list list list list list list list list list list list list list list list list list list list list list list list list list list list list list list list list list list list the the the the the the the the the the the the the the the,accordingly;calculated;case;commented;comparison;contains;derive;details;empty;encouraging;every;inequality;inspiring;modified;modulo;nine;obtain;period;plus;presentation;properly;radius;reliably;roles;root;single;state;statement;status;successfully;suited;template;titles;twice
item_afe0438c828ed330,the the the the the user user user user user user user user user user user user user user user user user user user user user user user user user user user user user user user user user user user user user user user user user user user user user user user user the,accordingly;calculated;calculating;case;commented;comparison;contains;details;empty;encouraging;every;ids;inequality;inspiring;modified;modulo;nine;obtain;period;plus;presence;presentation;properly;radius;reliably;root;sides;state;statement;status;suited;template;titles;twice
item_87453bbaf1d75a07,from from from from from from from from from from from from from from from from from import import import import import import import import import import import import import import import import import import import import import import import import import import import import import import import import import import import import from,action;appropriately;contains;derive;details;empty;encouraging;every;finished;ids;inequality;inspiring;link;locate;modified;modulo;nine;period;presentation;properly;radius;reliably;roles;root;sides;single;state;statement;status;suited;template;titles;toward;translated
item_bca2d0b06020ef2b,0 0 0 0 0 0 0 0 0 0 0 0 0 0 0 0 0 0 0 0 0 0 0 0 0 0 0 0 0 0 0 0 0 0 0 0 0 0 0 0 0 0 0 0 0 0 0 0 0 0 0 0 0 1sqrt2,accordingly;calculated;commented;contains;definitions;derive;details;empty;encouraging;every;filtering;ids;inequality;inspiring;modified;nine;obtain;pool;presence;presentation;properly;radius;recognizing;reliably;root;sides;single;state;status;suited;template;titles;tracked;twice
item_7f635cf40441c1c0,if if if if if if if if if if if if if if if if if if if if if if if if if if if if if if if if if if if if if if if if if if if if if if if if if if if if if the,accordingly;calculated;commented;contains;details;empty;encouraging;every;ids;inequality;inspiring;modified;modulo;nine;obtain;plus;presence;presentation;properly;radius;recognizing;reliably;roles;root;sides;single;state;statement;status;successfully;suited;template;titles;translated
item_01285b681ec633eb,html html html html html html html html html html html html html html html html html html html html html html html html html html html html html html html html html html html html html html html html html html html html html html html html html html html html html the,accordingly;arrangements;calculated;case;commented;contains;empty;encouraging;every;filtering;ids;inequality;inspiring;intended;modified;modulo;nine;obtain;plus;presentation;properly;radius;recognizing;reliably;roles;root;state;statement;status;suited;template;text;titles;tracked
item_335f89721a60348e,method method method method method method method method method method method method method method method method method method method method method method method method method method method method method method method method method method method method method method method method method method method method method method method method method method method method method method,accordingly;align;calculated;calculating;contains;details;empty;encouraging;every;filtering;ids;inequality;inspiring;link;modified;nine;pattern;period;plus;presentation;properly;radius;reliably;relying;roles;root;sides;single;state;statement;status;suited;template;titles
item_3605898db2e8c7a6,function function function function function function function function function function function function function function function function function function function function function function function function function function function function function function function function function function function function function function function function function function function function function function function function function function function function function the,accordingly;calculated;calculating;case;commented;contains;empty;encouraging;every;ids;inequality;inspiring;link;modified;modulo;nine;obtain;performance;period;plus;presence;presentation;radius;recognizing;reliably;roles;root;state;statement;status;suited;template;titles;twice
item_126b873fc0c778a7,get get get get get get get get get get get get get get get get get get get get get get get get get get get get get get get get get get get get get get get get get get get get get get get get get get get get x x,accordingly;align;calculated;calculating;commented;contains;details;empty;encouraging;every;filtering;ids;inequality;inspiring;nine;pattern;period;plus;presentation;proceed;properly;radius;recognizing;reliably;roles;single;state;statement;status;suited;template;titles;tracked;twice
item_6872bfac483eb719,this this this this this this this this this this this this this this this this this this this this this this this this this this this this this this this this this this this this this this this this this this this this this this this this this this this this the the,accordingly;calculated;commented;contains;derive;empty;encouraging;every;ids;inequality;inspiring;intended;locate;modified;modulo;nine;obtain;period;plus;presence;presentation;properly;radius;reliably;root;sides;single;state;statement;successfully;suited;template;titles;tracked
item_7f4ca738f27aed48,0 0 0 0 0 0 0 0 0 0 0 0 0 0 0 0 0 0 0 0 0 0 0 0 0 0 0 0 0 0 0 0 0 0 0 0 0 0 0 0 0 0 0 0 0 0 0 0 0 0 0 0 0 0,accordingly;action;align;calculated;calculating;commented;contains;details;empty;encouraging;every;helps;ids;inequality;locate;modulo;nine;obtain;plus;presentation;properly;radius;reliably;roles;root;safely;sides;since;state;status;suited;template;titles;toward
item_255201ee9fd4ae72,if if if if if if if if if if if if if if if if if if if if if if if if if if if if if if if if if if if if if if if if if if if if if if if if if if if if if the,accordingly;case;commented;contains;empty;encouraging;every;filtering;ids;individual;inequality;inspiring;modified;modulo;nine;obtain;period;plus;presence;presentation;radius;recognizing;reliably;roles;root;sides;state;statement;status;successfully;suited;template;titles;twice
item_3363826c6b5d97d7,machine machine machine machine machine machine machine machine machine machine machine machine machine machine machine machine machine machine machine machine machine machine machine machine machine machine machine machine machine machine machine machine machine machine machine machine machine machine machine machine machine machine machine machine machine machine machine machine machine machine machine machine the the,accordingly;calculated;case;commented;contains;definitions;details;empty;encouraging;every;filtering;ids;inequality;inspiring;modified;modulo;nine;obtain;pattern;plus;presence;presentation;radius;recognizing;reliably;roles;root;state;statement;status;suited;template;titles;twice
item_41b554be076c62e1,asy conditional conditional conditional conditional conditional conditional conditional conditional conditional conditional conditional conditional conditional conditional conditional conditional conditional conditional conditional conditional conditional conditional conditional conditional conditional conditional conditional conditional conditional conditional conditional conditional conditional conditional conditional conditional conditional conditional conditional conditional conditional conditional conditional conditional conditional conditional conditional conditional conditional conditional conditional conditional the,accordingly;areas;calculating;commented;comparison;contains;details;empty;encouraging;every;filtering;ids;inequality;inspiring;modified;modulo;nine;obtain;plus;presence;presentation;radius;recognizing;reliably;roles;root;state;statement;status;successfully;suited;template;titles;twice
item_87b7c00a851f9f1c,2 2 2 2 2 2 2 2 2 2 2 2 2 2 2 2 2 2 2 2 2 2 2 2 2 2 2 2 2 2 2 2 2 2 2 2 2 2 2 2 2 2 2 2 2 2 2 2 2 2 2 2 2 sin,accordingly;appropriately;calculated;calculating;commented;contains;details;empty;encouraging;face;ids;inequality;inspiring;modified;modulo;nine;plus;presence;presentation;properly;radius;reliably;roles;root;sides;single;state;statement;status;suited;template;titles;toward;twice
item_23e4a11c3f7ff5f0,the the the the user user user user user user user user user user user user user user user user user user user user user user user user user user user user user user user user user user user user user user user user user user user user user user user user user the,accordingly;calculated;case;commented;contains;details;empty;encouraging;every;ids;inequality;inspiring;modified;modulo;nine;obtain;perform;performance;plus;presence;presentation;properly;radius;reliably;root;state;statement;status;successfully;suited;template;titles;tracked;translated
item_6e7aba0f5a15e25a,migrations migrations migrations migrations migrations migrations migrations migrations migrations migrations migrations migrations migrations migrations migrations migrations migrations migrations migrations migrations migrations migrations migrations migrations migrations migrations migrations migrations migrations migrations migrations migrations migrations migrations migrations migrations migrations migrations migrations migrations migrations migrations migrations migrations migrations migrations migrations migrations migrations migrations migrations migrations migrations migrations,action;calculated;commented;contains;details;empty;encouraging;every;generation;helps;ids;inequality;integers;modified;nine;period;plus;presentation;proceed;properly;radius;reflected;reliably;relying;roles;sides;single;state;statement;status;suited;template;titles;toward
item_8dd551096dc9e938,years years years years years years years years years years years years years years years years years years years years years years years years years years years years years years years years years years years years years years years years years years years years years years years years years years years years years the,accordingly;appropriately;case;commented;contains;details;empty;encouraging;every;filtering;ids;inequality;inspiring;link;modified;modulo;nine;obtain;period;plus;presentation;properly;radius;reliably;root;state;statement;status;structures;successfully;suited;template;titles;tracked
item_e13040bcc2e5922c,the the the the user user user user user user user user user user user user user user user user user user user user user user user user user user user user user user user user user user user user user user user user user user user user user user user user user the,accordingly;calculated;commented;contains;derive;empty;encouraging;every;filtering;ids;individual;inequality;inspiring;modified;nine;obtain;period;plus;presence;presentation;properly;radius;recognizing;reliably;root;session;sides;state;statement;status;successfully;suited;template;titles
item_3ec5d22fc8d55115,company company company company company company company company company company company company company company company company company company company company company company company company company company company company company company company company company company company company company company company company company company company company company company company company company company company company company the,accordingly;appropriately;areas;calculated;case;commented;contains;empty;encouraging;every;filtering;ids;inequality;inspiring;modified;modulo;nine;obtain;performance;period;plus;pool;presentation;properly;radius;recognizing;reliably;root;state;statement;status;suited;template;titles
item_e1119d86a29983c3,which which which which which which which which which which which which which which which which which which which which which which which which which which which which which which which which which which which which which which which which which which which which which which which which which which which which the the,accordingly;added;appropriately;commented;contains;derive;details;empty;encouraging;every;ids;inequality;inspiring;modified;modulo;nine;period;plus;presence;presentation;properly;radius;reliably;roles;root;sides;state;statement;status;successfully;suited;template;titles;twice
item_3cf38394201032ad,call call call call call call call call call call call call call call call call the the the the the the the the the the the the the the the the the the the the the the the the the the the the the the the the the the the the the the,accordingly;calculating;commented;contains;definitions;details;empty;encouraging;every;ids;inequality;inspiring;modified;modulo;nine;obtain;plus;presence;presentation;properly;radius;recognizing;reliably;roles;root;state;statement;status;successfully;suited;template;titles;tracked;twice
item_4a543852cd35757e,their their their their their their their their their their their their their their their their their their their their their their their their their their their their their their their their their their their their their their their their their their their their their their their their their their their their the the,accordingly;areas;contains;details;empty;encouraging;every;find;ids;individual;inequality;inspiring;least;modified;nine;obtain;period;plus;presence;presentation;properly;radius;reliably;root;sides;single;state;statement;status;suited;template;titles;tracked;twice
item_2f632150312724ed,fashion fashion fashion fashion fashion fashion fashion fashion fashion fashion fashion fashion fashion fashion fashion fashion fashion fashion fashion fashion fashion fashion fashion fashion fashion fashion fashion fashion fashion fashion fashion fashion fashion fashion fashion fashion fashion fashion fashion fashion fashion fashion fashion fashion fashion fashion fashion fashion fashion fashion fashion the the the,accordingly;calculated;choosing;commented;contains;details;empty;encouraging;every;ids;inequality;inspiring;modified;modulo;nine;obtain;period;plus;presence;presentation;properly;radius;reliably;root;sides;single;state;statement;status;successfully;suited;template;titles;twice
item_94b19e356d7675a1,the the the the the the the the the the the the the the the the the the the the the the the the the the the the the the the the the the the the the the the the the the the the the the the the the the the the the and,accordingly;calculated;commented;contains;details;empty;encouraging;every;filtering;ids;inequality;inspiring;modified;modulo;nine;obtain;perform;period;plus;presentation;properly;radius;related;reliably;root;sides;state;statement;status;suited;template;titles;tracked;twice
item_50182dd96727272c,standings standings standings standings standings standings standings standings standings standings standings standings standings standings standings standings standings standings standings standings standings standings standings standings standings standings standings standings standings standings standings standings standings standings standings standings standings standings standings standings standings standings standings standings standings standings standings standings standings standings standings standings standings the,accordingly;appropriately;calculated;calculating;case;commented;contains;empty;encouraging;every;ids;inequality;modified;modulo;nine;obtain;performance;period;plus;presence;presentation;properly;radius;reliably;roles;root;sides;state;statement;status;suited;template;titles;tracked
item_eef943ef9a6376b8,extract extract extract extract extract extract extract extract extract extract extract extract extract extract extract extract extract extract extract extract extract extract extract extract extract extract extract extract extract extract extract extract extract extract extract extract extract extract extract extract extract extract extract extract extract extract extract extract extract extract extract extract the the,accordingly;calculated;case;commented;contains;empty;encouraging;every;ids;inequality;inspiring;intended;modified;modulo;nine;obtain;perform;plus;pool;presentation;properly;radius;recognizing;reliably;roles;root;state;statement;status;suited;template;titles;tracked;translated
item_38bb2a6ed2a110be,the user user user user user user user user user user user user user user user user user user user user user user user user user user user user user user user user user user user user user user user user user user user user user user user user user user user user the,accordingly;case;commented;contains;definitions;derive;details;empty;encouraging;every;ids;inequality;inspiring;modified;modulo;nine;obtain;plus;presence;presentation;properly;radius;recognizing;reliably;root;single;state;statement;status;successfully;suited;template;titles;tracked
item_67cf1870c3be3c87,2025 2025 2025 2025 2025 2025 2025 2025 2025 2025 2025 2025 2025 2025 2025 2025 2025 2025 2025 2025 2025 2025 2025 2025 2025 2025 2025 2025 2025 2025 2025 2025 2025 2025 2025 2025 2025 2025 2025 2025 2025 2025 2025 2025 2025 2025 2025 2025 2025 2025 2025 2025 2025 the,accordingly;adult;areas;calculated;commented;contains;definitions;derive;details;empty;encouraging;every;examined;ids;inequality;modified;modulo;nine;obtain;performance;period;plus;presentation;properly;radius;recognizing;reliably;root;state;statement;status;suited;template;titles
item_1e3d185d7b3f8be7,diabetes diabetes diabetes diabetes diabetes diabetes diabetes diabetes diabetes diabetes diabetes diabetes diabetes diabetes diabetes diabetes diabetes diabetes diabetes diabetes diabetes diabetes diabetes diabetes diabetes diabetes diabetes diabetes diabetes diabetes diabetes diabetes diabetes diabetes diabetes diabetes diabetes diabetes diabetes diabetes diabetes diabetes diabetes diabetes diabetes diabetes diabetes diabetes diabetes diabetes diabetes diabetes diabetes the,accordingly;calculated;case;commented;contains;details;empty;encouraging;every;filtering;ids;inequality;inspiring;modified;modulo;nine;obtain;plus;presence;presentation;properly;radius;recognizing;reliably;roles;root;state;statement;status;successfully;suited;template;titles;twice
item_b9bc67488af9f48c,frac2 sunny sunny sunny sunny sunny sunny sunny sunny sunny sunny sunny sunny sunny sunny sunny sunny sunny sunny sunny sunny sunny sunny sunny sunny sunny sunny sunny sunny sunny sunny sunny sunny sunny sunny sunny sunny sunny sunny sunny sunny sunny sunny sunny sunny sunny sunny sunny sunny sunny sunny sunny sunny operatornamecis,accordingly;appropriately;calculated;commented;derive;details;empty;encouraging;ids;inequality;inspiring;modified;modulo;nine;obtain;period;plus;presence;presentation;properly;radius;recognizing;reliably;roles;sides;single;state;statement;status;suited;template;titles;tracked;twice
item_129e72b0d9b8f748,2 2 2 2 2 2 2 2 2 2 2 2 2 2 2 2 2 2 2 2 2 2 2 2 2 2 2 2 2 2 2 2 2 2 2 2 2 2 2 2 2 2 2 2 2 2 2 2 2 2 2 2 2 2,accordingly;calculated;calculating;commented;contains;details;empty;encouraging;every;ids;inequality;inspiring;link;modified;modulo;nine;obtain;plus;presentation;radius;recognizing;reliably;relying;roles;root;single;state;statement;status;suited;template;titles;tracked;twice
item_c4a754eda043d37f,authors authors authors authors authors authors authors authors authors authors authors authors authors authors authors authors authors authors authors authors authors authors authors authors authors authors authors authors authors authors authors authors authors authors authors authors authors authors authors authors authors authors authors authors authors authors authors authors authors authors authors authors authors the,accordingly;commented;contains;derive;details;empty;encouraging;every;filtering;ids;inequality;link;modified;modulo;nine;obtain;perform;period;plus;presence;presentation;properly;radius;recognizing;reliably;root;sides;state;status;suited;template;titles;tracked;twice
item_b874b6bd0de0ff74,name name name name name name name name name name name name name name name name name name name name name name name name name name name name name name name name name name name name name name name name name name name name name name name name name name name name name the,accordingly;case;commented;comparison;contains;definitions;empty;encouraging;every;filtering;ids;inequality;inspiring;modified;modulo;nine;obtain;period;plus;pool;presentation;properly;radius;reliably;root;sides;since;single;state;statement;status;suited;template;titles
item_fd4871eafd3747e1,function function function function function function function function function function function function function function function function function function function function function function function function function function function function function function function function function function function function function function function function function function function function function function function function function function function function function the,accordingly;adult;areas;calculated;case;commented;contains;details;empty;encouraging;every;ids;inequality;inspiring;link;locate;modified;nine;obtain;plus;presentation;properly;radius;recognizing;reliably;roles;root;sides;state;statement;status;suited;template;titles
item_1cba0f45ff5b7fae,x x x x x x x x x x x x x x x x x x x x x x x x x x x x x x x x x x x x x x x x x x x x x x x x x x x x x is,accordingly;calculating;commented;contains;details;empty;encouraging;every;examined;filtering;ids;inequality;inspiring;link;modified;modulo;nine;obtain;plus;presentation;properly;radius;recognizing;reliably;relying;roles;root;sides;state;statement;status;suited;template;titles
item_e3c24ecf81840341,name name name name name name name name name name name name name name name name name name name name name name name name name name name name name name name name name name name name name name name name name name name name name name name name name name name name the the,accordingly;appropriately;case;commented;contains;empty;encouraging;every;filtering;ids;inequality;inspiring;modified;modulo;nine;obtain;period;plus;presence;presentation;properly;radius;reliably;root;sides;single;state;statement;status;successfully;suited;template;titles;tracked
item_8afd1b93d1b6456f,to to to to to to to to to to to to to to to to to to to to to to to to to to to to to to to to to to to to to to to to to to to to to to to to the the the the the the,accordingly;calculating;commented;contains;details;empty;encouraging;every;ids;inequality;inspiring;looking;modified;modulo;nine;perform;period;plus;presentation;properly;radius;recognizing;reliably;roles;root;sides;state;statement;status;successfully;suited;template;titles;twice
item_a8724d073824bdea,new new new new new new new new new new new new new new new new new new new new new new new new new new new new new new new new new new new new new new new new new new new new new new new new new new new new the the,accordingly;areas;calculated;contains;details;empty;encouraging;every;filtering;ids;individual;inequality;inspiring;intended;least;modified;nine;obtain;period;plus;presence;presentation;radius;reliably;root;safely;sides;state;statement;status;suited;template;titles;tracked
item_dff653431b3b9f5b,circle circle circle circle circle circle circle circle circle circle circle circle circle circle circle circle circle circle circle circle circle circle circle circle circle circle circle circle circle circle circle circle circle circle circle circle circle circle circle circle circle circle circle circle circle circle circle circle circle circle circle circle circle the,accordingly;answers;appropriately;comparison;contains;details;empty;encouraging;every;ids;inequality;inspiring;modified;modulo;nine;obtain;performance;period;plus;presence;presentation;properly;radius;reliably;roles;root;session;state;statement;status;suited;template;titles;translated
item_c087d344d8bb2830,by by by by by by by by by by by by by by by by by by by by by by by by by by by by by by by by by by by by by by by by by by by by by by by by by by by the the the,accordingly;calculated;calculating;case;commented;contains;derive;details;empty;encouraging;every;ids;inequality;inspiring;looking;modified;nine;obtain;period;plus;presence;presentation;properly;radius;recognizing;reliably;roles;root;state;statement;status;suited;template;titles
item_5b5aeb814359edf0,reset reset reset reset reset reset reset reset reset reset reset reset reset reset reset reset reset reset reset reset reset reset reset reset reset reset reset reset reset reset reset reset reset reset reset reset reset reset reset reset reset reset reset reset reset reset reset reset reset reset reset reset the the,accordingly;calculated;case;commented;contains;details;empty;encouraging;every;ids;inequality;inspiring;modified;modulo;nine;obtain;performance;plus;presence;presentation;properly;radius;recognizing;reliably;roles;root;state;statement;status;suited;template;titles;translated;twice
item_51ebcd977d334e26,period period period period period period period period period period period period period period period period period period period period period period period period period period period period period period period period period period period period period period period period period period period period period period period period period period period the the the,accordingly;calculated;calculating;case;contains;details;empty;encouraging;every;ids;inequality;inspiring;modified;modulo;nine;obtain;perform;plus;presentation;properly;radius;recognizing;reliably;roles;root;session;sides;state;statement;status;suited;template;titles;twice
item_5997fa6365bc95a3,price price price price price price price price price price price price price price price price price price price price price price price price price price price price price price price price price price price price price price price price price price price price price price price price price price price price price the,accordingly;areas;calculated;case;commented;contains;details;empty;encouraging;every;ids;inequality;inspiring;modified;modulo;nine;obtain;period;plus;presentation;properly;radius;recognizing;reliably;roles;root;sides;state;statement;status;suited;template;titles;tracked
item_e48bd47e0e0cc672,month month month month month month month month month month month month month month month month month month month month month month month month month month month month month month month month month month month month month month month month month month month month month month month month month month month month month the,accordingly;appropriately;calculated;contains;details;empty;encouraging;every;ids;inequality;inspiring;locate;modified;modulo;nine;obtain;plus;presentation;properly;radius;recognizing;reliably;roles;root;sides;single;state;statement;status;suited;template;titles;translated;twice
item_97ba4f8f260f1ced,triangle triangle triangle triangle triangle triangle triangle triangle triangle triangle triangle triangle triangle triangle triangle triangle triangle triangle triangle triangle triangle triangle triangle triangle triangle triangle triangle triangle triangle triangle triangle triangle triangle triangle triangle triangle triangle triangle triangle triangle triangle triangle triangle triangle triangle triangle triangle triangle triangle triangle triangle triangle triangle of,accordingly;calculated;calculating;commented;contains;details;empty;encouraging;every;examined;inequality;inspiring;modulo;nine;period;plus;presence;presentation;properly;radius;recognizing;reliably;relying;roles;root;since;single;state;statement;status;suited;template;titles;twice
item_d8c31d1d993d0c47,case case case case case case case case case case case case case case case case case case case case case case case case case case case case case case case case case case case case case case case case case case case case case case case case case case case case case the,accordingly;calculated;calculating;contains;details;empty;encouraging;every;examined;ids;inequality;inspiring;modified;modulo;obtain;performance;plus;presence;presentation;properly;radius;recognizing;reliably;relying;roles;root;sides;state;statement;status;suited;template;titles;twice
item_254e01f5395e081c,from from from from from from from from from from from from from from from from from from from from from from from from from from from from from from from from from from from from from from from from from from from from from from from from from from from from none none,appropriately;calculating;commented;contains;details;empty;encouraging;every;filtering;finished;generation;ids;inequality;inspiring;integers;locate;nine;period;plus;presentation;properly;radius;reliably;roles;sides;single;state;statement;status;suited;template;text;titles;toward
item_a17c61cf87b2a62b,schools schools schools schools schools user user user user user user user user user user user user user user user user user user user user user user user user user user user user user user user user user user user user user user user user user user user user user user user user the,accordingly;areas;commented;contains;details;empty;encouraging;every;filtering;helper;ids;inequality;inspiring;modified;modulo;nine;obtain;performance;period;plus;presentation;properly;radius;reliably;roles;session;sides;state;statement;status;suited;template;titles;twice
item_b6d142b0b029615a,y y y y y y y y y y y y y y y y y y y y y y y y y y y y y y y y y y y y y y y y y y y y y y y y y y y y y x,accordingly;calculated;commented;contains;derive;details;empty;encouraging;every;filtering;generation;ids;inequality;inspiring;locate;looking;nine;obtain;period;plus;presentation;properly;radius;recognizing;reliably;root;single;state;statement;status;successfully;suited;template;titles
item_d76e5576be650b7e,extract extract extract extract extract extract extract extract extract extract extract extract extract extract extract extract extract extract extract extract extract extract extract extract extract extract extract extract extract extract extract extract extract extract extract extract extract extract extract extract extract extract extract extract extract extract extract extract extract extract extract extract the the,accordingly;areas;commented;contains;empty;encouraging;every;filtering;ids;inequality;inspiring;intended;modified;modulo;nine;obtain;perform;performance;plus;pool;presentation;properly;radius;recognizing;reliably;root;state;statement;status;suited;template;titles;tracked;twice
item_1f327e4fe8b4c60b,of of of of of of of of of of of of of of of of of of of of of of of of of of of of of of of of of of of of of of of of of of of of of of of of of of of the the the,accordingly;added;appropriately;calculated;calculating;commented;comparison;contains;empty;encouraging;every;ids;inequality;inspiring;modified;modulo;nine;pattern;period;plus;presence;presentation;properly;radius;reliably;relying;root;sides;single;state;statement;suited;template;titles
item_3996614fc11c6f9a,active active active active active active active active active active active active active active active active active active active active active active active active active active active active active active active active active active active active active active active active active active active active active active active active active active active active the the,accordingly;calculating;commented;contains;derive;details;empty;encouraging;every;ids;inequality;inspiring;modified;modulo;nine;obtain;plus;presence;presentation;radius;recognizing;reliably;roles;root;safely;sides;single;state;statement;status;successfully;suited;template;titles
item_e4a671e58ac2f00a,triangle triangle triangle triangle triangle triangle triangle triangle triangle triangle triangle triangle triangle triangle triangle triangle triangle triangle triangle triangle triangle triangle triangle triangle triangle triangle triangle triangle triangle triangle triangle triangle triangle triangle triangle triangle triangle triangle triangle triangle triangle triangle triangle triangle triangle triangle triangle triangle triangle triangle triangle triangle triangle and,accordingly;calculated;commented;contains;details;empty;encouraging;every;filtering;ids;inequality;inspiring;modified;modulo;nine;obtain;plus;presence;presentation;properly;radius;recognizing;reliably;roles;root;sides;single;state;statement;status;suited;template;titles;tracked
item_da8a75bc2800470e,them them them them them them them them them them them them them them them them them them them them them them them them them them them them them them them them them them them them the the the the the the the the the the the the the the the the the the,accordingly;commented;contains;details;empty;encouraging;every;ids;inequality;inspiring;modified;modulo;nine;obtain;performance;plus;presence;presentation;properly;radius;recognizing;reliably;roles;root;sides;single;state;statement;status;suited;template;titles;translated;twice
item_cf6a3fc82ef781c6,get_stock_price get_stock_price get_stock_price get_stock_price get_stock_price get_stock_price get_stock_price get_stock_price get_stock_price get_stock_price get_stock_price get_stock_price get_stock_price get_stock_price get_stock_price get_stock_price get_stock_price get_stock_price get_stock_price get_stock_price get_stock_price get_stock_price get_stock_price get_stock_price get_stock_price get_stock_price get_stock_price get_stock_price get_stock_price get_stock_price get_stock_price get_stock_price get_stock_price get_stock_price get_stock_price get_stock_price get_stock_price get_stock_price get_stock_price get_stock_price get_stock_price get_stock_price get_stock_price get_stock_price get_stock_price get_stock_price get_stock_price get_stock_price get_stock_price get_stock_price get_stock_price get_stock_price the the,accordingly;calculated;commented;contains;details;empty;encouraging;every;ids;inequality;inspiring;looking;modified;nine;obtain;performance;plus;presence;presentation;properly;radius;recognizing;reliably;roles;root;state;statement;status;successfully;suited;template;titles;tracked;twice
item_4f93324f1508456f,license license license license license license license license license license license license license license license license license license license license license license license license license license license license license license license license license license license license license license license license license license license license license license license license license license license license import import,action;appropriately;areas;calculated;calculating;contains;details;empty;encouraging;every;ids;inequality;inspiring;link;locate;modified;modulo;nine;obtain;plus;presence;presentation;properly;radius;reliably;relying;sides;single;state;statement;status;suited;template;titles
item_300e1a03b39d8c91,use use use use use use use use use use use use use use use use use use use use use use use use use use use use use use use use use use use use use use use use use use use use use use use use use use use use use quotes,accordingly;case;commented;contains;derive;details;empty;encouraging;every;filtering;ids;inequality;modified;modulo;nine;obtain;performance;period;plus;presentation;properly;radius;reliably;roles;root;sides;state;status;successfully;suited;template;titles;tracked;translated
item_a391e56fb66bbf68,circles circles circles circles circles circles circles circles circles circles circles circles circles circles circles circles circles circles circles circles circles circles circles circles circles circles circles circles circles circles circles circles circles circles circles circles circles circles circles circles circles circles circles circles circles circles circles circles circles circles circles circles the the,accordingly;appropriately;calculated;calculating;case;commented;contains;definitions;details;empty;encouraging;ids;inequality;inspiring;modified;nine;obtain;performance;period;plus;presence;presentation;properly;reliably;root;state;statement;status;suited;template;threshold;titles;tracked;twice
item_0e75fbae5f7aa57a,one one one one one one one one one one one one one one one one one one one one one one one one one one one one one one one one one one one one one one one one one one one one one one one one one one one one one the,accordingly;case;commented;contains;derive;details;empty;encouraging;every;ids;inequality;inspiring;modified;modulo;nine;obtain;perform;period;plus;presence;presentation;properly;radius;reliably;sides;state;statement;status;suited;template;titles;tracked;translated;twice
item_448f2a6a755ec1e6,success success success success success success success success success success success success success success success success success success success success success success success success success success success success success success success success success success success success success success success success success success success success success success success success success success success success success the,accordingly;calculated;commented;contains;definitions;derive;details;empty;encouraging;every;ids;inequality;inspiring;modified;modulo;nine;obtain;plus;presence;presentation;properly;radius;recognizing;reliably;root;sides;state;statement;status;suited;template;titles;tracked;translated
item_1f6edcd62f78ec41,to to to to to to to to to to to to to to to to to to to to to the the the the the the the the the the the the the the the the the the the the the the the the the the the the the the the the the,accordingly;calculating;contains;details;empty;encouraging;every;examined;ids;inequality;inspiring;locate;modified;modulo;nine;obtain;perform;performance;period;plus;presence;presentation;radius;reliably;root;session;sides;state;statement;status;suited;template;titles;twice
item_2ccd773489f7a20f,page page page page page page page page page page page page page page page page page page page page page page page page page page page page page page page page page page page page page page page page page page page page page page page page page page page page page the,accordingly;calculated;commented;contains;details;empty;encouraging;every;ids;inequality;inspiring;locate;modified;modulo;nine;obtain;plus;presence;presentation;properly;radius;recognizing;reliably;roles;root;state;statement;status;successfully;suited;template;titles;tracked;twice
item_caa4a8e664b708d4,moral moral moral moral moral moral moral moral moral moral moral moral moral moral moral moral moral moral moral moral moral moral moral moral moral moral moral moral moral moral moral moral moral moral moral moral moral moral moral moral moral moral moral moral moral moral moral moral moral moral moral moral moral of,accordingly;adult;appropriately;commented;contains;definitions;derive;details;empty;encouraging;every;ids;inequality;inspiring;modified;modulo;nine;obtain;pattern;plus;presentation;properly;radius;related;reliably;roles;root;sides;state;statement;successfully;suited;template;titles
item_acbcab3e1a054308,we likely likely likely likely likely likely likely likely likely likely likely likely likely likely likely likely likely likely likely likely likely likely likely likely likely likely likely likely likely likely likely likely likely likely likely likely likely likely likely likely likely likely likely likely likely likely likely likely likely likely likely likely of,accordingly;appropriately;calculated;calculating;contains;details;empty;encouraging;every;filtering;generation;ids;inequality;inspiring;nine;obtain;period;plus;presentation;properly;radius;recognizing;reliably;relying;roles;root;since;single;state;statement;status;suited;template;titles
item_be589fa8f2f144cc,the the the the the the user user user user user user user user user user user user user user user user user user user user user user user user user user user user user user user user user user user user user user user user user user user user user user user the,accordingly;appropriately;commented;contains;details;empty;encouraging;every;filtering;ids;inequality;inspiring;modified;modulo;nine;obtain;period;plus;presence;presentation;properly;radius;recognizing;reliably;root;sides;state;statement;status;suited;template;titles;tracked;twice
item_4f6c49e979681bd3,multiples multiples multiples multiples multiples multiples multiples multiples multiples multiples multiples multiples multiples multiples multiples multiples multiples multiples multiples multiples multiples multiples multiples multiples multiples multiples multiples multiples multiples multiples multiples multiples multiples multiples multiples multiples multiples multiples multiples multiples multiples multiples multiples multiples multiples multiples multiples multiples multiples multiples multiples multiples multiples of,accordingly;action;calculated;contains;definitions;details;empty;encouraging;every;ids;inequality;inspiring;modified;modulo;nine;period;plus;presence;presentation;radius;recognizing;reliably;relying;roles;root;sides;since;single;state;statement;status;suited;template;titles
item_cf0fc19f0a8ff1f6,function function function function function function function function function function function function function function function function function function function function function function function function function function function function function function function function function function function function function function function function function function function function function function function function function function function function the the,accordingly;calculated;calculating;commented;comparison;contains;derive;details;empty;encouraging;every;ids;inequality;inspiring;modified;modulo;nine;period;plus;presence;presentation;properly;radius;reliably;relying;roles;root;state;statement;status;suited;template;titles;twice
item_8ad36c1d8fc6aa64,posts splits splits splits splits splits splits splits splits splits splits splits splits splits splits splits splits splits splits splits splits splits splits splits splits splits splits splits splits splits splits splits splits splits splits splits splits splits splits splits splits splits splits splits splits splits splits splits splits splits splits splits the the,accordingly;commented;contains;details;empty;encouraging;every;filtering;ids;inequality;inspiring;modified;modulo;nine;obtain;plus;presence;presentation;properly;radius;recognizing;reliably;roles;root;sides;state;statement;status;successfully;suited;template;titles;tracked;twice
item_e54467f1f818bc75,robot robot robot robot robot robot robot robot robot robot robot robot robot robot robot robot robot robot robot robot robot robot robot robot robot robot robot robot robot robot robot robot robot robot robot robot robot robot robot robot robot robot robot robot robot robot robot robot robot robot robot robot the the,accordingly;added;answers;areas;calculated;commented;contains;details;empty;encouraging;generation;ids;inequality;inspiring;modified;modulo;nine;obtain;period;plus;presentation;properly;radius;reliably;relying;root;sides;state;status;suited;template;titles;twice;understand
item_d8de07cb47262ec1,includes includes includes includes includes includes includes includes includes includes includes includes includes includes includes includes includes includes includes includes includes includes includes includes includes includes includes includes includes includes includes includes includes includes includes includes includes includes includes includes includes includes includes includes includes includes includes includes includes includes includes includes the the,accordingly;calculated;calculating;case;contains;derive;details;empty;encouraging;every;filtering;ids;inequality;inspiring;locate;modified;modulo;nine;obtain;period;plus;presentation;radius;reliably;relying;roles;sides;single;state;statement;status;suited;template;titles
item_6da51193a157e80a,spanish spanish spanish spanish spanish spanish spanish spanish spanish spanish spanish spanish spanish spanish spanish spanish spanish spanish spanish spanish spanish spanish spanish spanish spanish spanish spanish spanish spanish spanish spanish spanish spanish spanish spanish spanish spanish spanish spanish spanish spanish spanish spanish spanish spanish spanish spanish spanish spanish spanish spanish spanish spanish i,accordingly;calculated;case;commented;contains;derive;details;empty;encouraging;every;ids;inequality;inspiring;modified;modulo;nine;obtain;plus;presence;presentation;properly;radius;related;reliably;roles;root;state;statement;status;suited;template;titles;twice;understand
item_78d65e11527a5cdc,numbers numbers numbers numbers numbers numbers numbers numbers numbers numbers numbers numbers numbers numbers numbers numbers numbers numbers numbers numbers numbers numbers numbers numbers numbers numbers numbers numbers numbers numbers numbers numbers numbers numbers numbers numbers numbers numbers numbers numbers numbers numbers numbers numbers numbers numbers numbers numbers numbers numbers numbers numbers numbers i,accordingly;calculated;case;commented;contains;derive;details;encouraging;every;ids;inequality;inspiring;modulo;nine;obtain;plus;presence;presentation;radius;recognizing;related;reliably;roles;root;sides;single;state;statement;status;suited;template;titles;translated;twice
item_679d5755d0555724,default default default default default default default default default default default default default default default default default default default default default default default default default default default default default default default default default default default default default default default default default default default default default default default default default default default default default i,accordingly;areas;calculated;commented;contains;derive;details;empty;encouraging;every;examined;ids;inequality;inspiring;modified;modulo;nine;performance;plus;presentation;properly;radius;recognizing;reliably;session;sides;state;statement;status;successfully;suited;template;titles;tracked
item_214642242b7bcc9f,to to to to to to to to to to to to to to to to to to to to to to to to to to to to to to to to to to to to to to to to to to to to to to to to to to to the the the,accordingly;calculating;case;commented;contains;details;empty;encouraging;every;filtering;ids;inequality;locate;modified;modulo;nine;obtain;plus;presentation;properly;radius;recognizing;reliably;roles;root;sides;single;state;statement;status;suited;template;titles;tracked
item_d808c49eaf6762b0,function function function function function function function function function function function function function function function function function function function function function function function function function function function function function function function function function function function function function function function function function function function function function function function function function function function function function the,accordingly;calculated;commented;contains;details;empty;encouraging;filtering;ids;inequality;inspiring;modified;modulo;nine;obtain;period;plus;pool;presence;presentation;properly;radius;recognizing;reliably;root;sides;state;statement;status;suited;template;titles;tracked;twice
item_db967dfd5d6a4a62,angle angle angle angle angle angle angle angle angle angle angle angle angle angle angle angle angle angle angle angle angle angle angle angle angle angle angle angle angle angle angle angle angle angle angle angle angle angle angle angle angle angle angle angle angle angle angle angle angle angle angle angle angle b,accordingly;calculated;contains;details;empty;encouraging;every;filtering;ids;inequality;inspiring;modified;modulo;nine;obtain;period;plus;presentation;properly;radius;reliably;roles;root;sides;state;statement;status;suited;template;titles;toward;tracked;twice;understand
item_ccf95e88be22cf8c,to to to to to to to to to to to to to to to to to to to to to to to to to to to to to to to to to to to to to to to to to to to the the the the the the the the the the the,accordingly;added;commented;contains;details;empty;encouraging;every;ids;inequality;inspiring;link;modified;modulo;nine;obtain;performance;plus;presentation;properly;radius;recognizing;reliably;root;sides;state;statement;status;successfully;suited;template;titles;tracked;twice
item_fa98be1ce4024d18,nurse nurse nurse nurse nurse nurse nurse nurse nurse nurse nurse nurse nurse nurse nurse nurse nurse nurse nurse nurse nurse nurse the the the the the the the the the the the the the the the the the the the the the the the the the the the the the the the the,accordingly;calculated;commented;contains;empty;encouraging;every;filtering;ids;inequality;inspiring;locate;modified;modulo;nine;obtain;period;plus;presentation;properly;radius;recognizing;reliably;roles;root;sides;single;state;statement;status;suited;template;titles;twice
item_baa06d941727187e,his updates updates updates updates updates updates updates updates updates updates updates updates updates updates updates updates updates updates updates updates updates updates updates updates updates updates updates updates updates updates updates updates updates updates updates updates updates updates updates updates updates updates updates updates updates updates updates updates updates updates updates updates the,accordingly;areas;calculated;commented;comparison;contains;derive;details;empty;encouraging;every;ids;inequality;inspiring;link;modified;modulo;nine;plus;presentation;radius;recognizing;reliably;relying;root;sides;state;statement;status;suited;template;titles;tracked;translated
item_c173e2ce4e0e34be,the the the the user user user user user user user user user user user user user user user user user user user user user user user user user user user user user user user user user user user user user user user user user user user user user user user user user user,accordingly;calculated;case;commented;contains;empty;encouraging;every;filtering;ids;inequality;inspiring;modified;modulo;nine;perform;performance;period;plus;presentation;radius;recognizing;reliably;roles;root;sides;state;statement;status;suited;template;titles;tracked;twice
item_6de156112d3b532f,triangle triangle triangle triangle triangle triangle triangle triangle triangle triangle triangle triangle triangle triangle triangle triangle triangle triangle triangle triangle triangle triangle triangle triangle triangle triangle triangle triangle triangle triangle triangle triangle triangle triangle triangle triangle triangle triangle triangle triangle triangle triangle triangle triangle triangle triangle triangle triangle triangle 5 5 5 5 5,accordingly;appropriately;calculated;calculating;commented;contains;details;empty;encouraging;filtering;generation;inequality;inspiring;looking;nine;obtain;pause;plus;presence;presentation;radius;recognizing;reliably;roles;root;session;sides;state;statement;status;suited;template;titles;twice
item_0da2d61c73d359d3,if if if if if if if if if if if if if if if if if if if if if if if if if if if if if if if if if if if if if if if if if if if if if if if if if if if if the the,accordingly;areas;commented;contains;derive;details;empty;encouraging;every;ids;inequality;inspiring;link;modified;modulo;nine;obtain;period;plus;presence;presentation;properly;radius;recognizing;reliably;roles;root;single;state;statement;suited;template;titles;twice
item_b427c13376155acc,plot plot the the the the the the the the the the the the the the the the the the the the the the the the the the the the the the the the the the the the the the the the the the the the the the the the the the the the,accordingly;areas;calculated;case;commented;contains;derive;empty;encouraging;every;filtering;ids;inequality;inspiring;modified;modulo;nine;obtain;period;plus;presentation;properly;radius;recognizing;reliably;roles;single;state;statement;status;successfully;suited;template;titles
item_cbc975eb32bae94f,2025 2025 2025 2025 2025 2025 2025 2025 2025 2025 2025 2025 2025 2025 2025 2025 2025 2025 2025 2025 2025 2025 2025 2025 2025 2025 2025 2025 2025 2025 2025 2025 2025 2025 2025 2025 2025 2025 2025 2025 2025 2025 2025 2025 2025 2025 2025 2025 2025 2025 2025 2025 2025 2025,accordingly;case;commented;contains;details;empty;encouraging;every;generation;helper;ids;inequality;inspiring;modulo;nine;obtain;performance;period;plus;presentation;properly;radius;reliably;root;sides;state;statement;status;successfully;suited;template;titles;tracked;twice
item_6a6089ba740fccbd,yyyymmdd 50 50 50 50 50 50 50 50 50 50 50 50 50 50 50 50 50 50 50 50 50 50 50 50 50 50 50 50 50 50 50 50 50 50 50 50 50 50 50 50 50 50 50 50 50 50 50 50 50 50 50 50 the,calculated;case;commented;contains;details;empty;encouraging;every;ids;inequality;inspiring;modified;modulo;nine;perform;plus;presentation;properly;radius;recognizing;reliably;relying;roles;root;safely;state;statement;status;successfully;suited;template;titles;tracked;translated
item_c10541b903226452,extract extract extract extract extract extract extract extract extract extract extract extract extract extract extract extract extract extract extract extract extract extract extract extract extract extract extract extract extract extract extract extract extract extract extract extract extract extract extract extract extract extract extract extract extract extract extract extract extract extract extract extract the the,accordingly;calculated;commented;contains;derive;empty;encouraging;every;filtering;ids;inequality;modified;modulo;nine;obtain;perform;plus;presentation;properly;radius;recognizing;reliably;root;sides;single;state;statement;status;suited;template;titles;tracked;translated;twice
item_9ec6e9652cab77ea,if if if if if if if if if if if if if if if if if if if if if if if if if if if if if if if if if if if if if if if if if if if if if if if if if if if if text text,accordingly;added;appropriately;calculating;commented;comparison;contains;details;empty;encouraging;every;ids;inequality;locate;modified;nine;obtain;period;plus;presentation;properly;radius;reliably;rely;roles;root;single;state;statement;status;suited;template;titles;toward
item_785f8edaadfd5385,this this this this this this this this this this this this this this this this this this this this this this this this this this this this this this this this this this this this this this this this this this this this this this this this this this this this the the,accordingly;commented;contains;definitions;details;empty;encouraging;every;ids;inequality;inspiring;modified;modulo;nine;obtain;perform;plus;presence;presentation;properly;radius;recognizing;reliably;roles;root;sides;state;statement;status;suited;template;titles;tracked;twice
item_16f0ccd367330fd0,specific specific specific specific specific specific specific specific specific specific specific specific specific specific specific specific specific specific specific specific specific specific specific specific specific specific specific specific specific specific specific specific specific specific specific specific specific specific specific specific specific specific specific specific specific specific specific specific specific specific specific specific specific work,accordingly;calculated;case;commented;comparison;contains;derive;details;empty;encouraging;every;filtering;ids;inequality;inspiring;modified;modulo;nine;obtain;period;plus;presence;presentation;radius;recognizing;reliably;roles;root;sides;statement;status;suited;template;titles
item_792492bdf0fe8a6b,parabola parabola parabola parabola parabola parabola parabola parabola parabola parabola parabola parabola parabola parabola parabola parabola parabola parabola parabola parabola parabola parabola parabola parabola parabola parabola parabola parabola parabola parabola parabola parabola parabola parabola parabola parabola parabola parabola parabola parabola parabola parabola parabola parabola parabola parabola parabola parabola parabola parabola parabola parabola parabola the,accordingly;action;calculated;calculating;commented;contains;details;empty;encouraging;every;ids;inequality;inspiring;modified;nine;obtain;plus;presentation;properly;radius;recognizing;reliably;relying;roles;sides;single;state;statement;status;suited;template;titles;tracked;translated
item_edd8643527dc4905,t2 averages averages averages averages averages averages averages averages averages averages averages averages averages averages averages averages averages averages averages averages averages averages averages averages averages averages averages averages averages averages averages averages averages averages averages averages averages averages averages averages averages averages averages averages averages averages averages averages averages averages averages averages averages,adult;align;commented;contains;definitions;derive;details;empty;encouraging;every;filtering;finished;ids;inequality;inspiring;locate;modified;nine;plus;presentation;properly;radius;reliably;roles;root;sides;single;state;statement;status;suited;template;titles;translated
item_2a48af011cffc5da,1000 1000 1000 1000 1000 1000 1000 1000 1000 1000 1000 1000 1000 1000 1000 1000 1000 1000 1000 1000 1000 1000 1000 1000 1000 1000 1000 1000 1000 1000 1000 1000 1000 1000 1000 1000 1000 1000 1000 1000 1000 1000 1000 1000 1000 1000 1000 1000 1000 1000 1000 1000 1000 the,accordingly;appropriately;case;commented;contains;details;empty;encouraging;every;ids;inequality;inspiring;modified;modulo;nine;obtain;pattern;plus;presence;presentation;properly;radius;recognizing;reliably;roles;root;state;statement;status;suited;template;titles;translated;twice
item_ed58379c0a191fce,import import import import import import import import import import import import import import import import import import import import import import import import import import import import import import import import import import import import import import import import import import import import import import import import import import import import import from,accordingly;appropriately;calculated;calculating;commented;contains;details;empty;encouraging;every;filtering;generation;helps;ids;inequality;inspiring;modified;nine;parity;period;plus;presentation;properly;radius;reliably;roles;root;sides;statement;status;suited;template;titles;toward
item_045aecaa2edb60c9,questions questions questions questions questions questions questions questions questions questions questions questions questions questions questions questions questions questions questions questions questions questions questions questions questions questions questions questions questions questions questions questions questions questions questions questions questions questions questions questions questions questions questions questions questions questions questions questions questions questions questions questions the the,accordingly;answers;case;commented;contains;definitions;details;empty;encouraging;every;ids;inequality;inspiring;modified;modulo;nine;obtain;plus;presence;presentation;properly;radius;recognizing;reliably;sides;single;state;statement;status;successfully;suited;template;titles;twice
item_82cb8bb0290b5b5b,true true true true true true true true true true true true true true true true true true true true true true true true true true true true true true true true true true true true true true true true true true true true true true true true true true true true true true,accordingly;answers;commented;contains;empty;encouraging;every;finished;ids;inequality;inspiring;link;locate;modulo;nine;obtain;performance;plus;presence;presentation;radius;reliably;roles;root;sides;single;state;statement;status;structures;suited;template;titles;twice
item_123176f7a21299ed,of of of of of of of of of of of of of of of of of of of of of of of of of of of of of of of of of of of of of of of of of of of of of of of of of of of of of the,calculating;case;contains;details;empty;encouraging;every;face;filtering;find;ids;inequality;intended;modified;modulo;nine;obtain;period;plus;pool;presence;presentation;properly;radius;recognizing;reliably;root;single;state;statement;status;suited;template;titles
item_96665980c8569097,elementary elementary elementary elementary elementary elementary elementary elementary elementary elementary elementary elementary elementary elementary elementary elementary elementary elementary elementary elementary elementary elementary elementary elementary elementary elementary elementary elementary elementary elementary elementary elementary elementary elementary elementary elementary elementary elementary elementary elementary elementary elementary elementary elementary elementary elementary elementary elementary elementary elementary elementary elementary elementary rating,appropriately;commented;contains;empty;encouraging;every;filtering;ids;inequality;inspiring;locate;modified;modulo;nine;obtain;perform;performance;plus;pool;presence;presentation;properly;radius;reliably;root;session;sides;state;status;suited;template;titles;translating;twice
item_c647e16f3926df9c,check check check check check check check check check check check check check check check check check check check check check check check check check check check check check check check check check check check check check check check check check check check check check check check check check check check check the the,accordingly;added;appropriately;calculated;calculating;commented;contains;details;empty;encouraging;every;generation;inequality;inspiring;modified;modulo;nine;obtain;perform;plus;presentation;properly;radius;reliably;roles;root;sides;state;statement;status;suited;template;titles;twice
item_fa04c327e61b61f1,robot robot robot robot robot robot robot robot robot robot robot robot robot robot robot robot robot robot robot robot robot robot robot robot robot robot robot robot robot robot robot robot robot robot robot robot robot robot robot robot robot robot robot robot robot robot robot robot robot robot robot robot robot the,accordingly;arrangements;calculating;commented;contains;derive;details;empty;encouraging;every;ids;inequality;inspiring;modified;modulo;nine;obtain;period;plus;presentation;radius;related;reliably;roles;root;sides;state;statement;status;successfully;suited;template;titles;twice
item_b3dee413fa69e490,their their their their their their their their their their their their their their their their their their their their their their their their their their their their their their their their their their their their their their their their their their their their their their their their their their their their their quotes,accordingly;calculated;commented;contains;derive;details;empty;encouraging;every;find;ids;inequality;inspiring;modified;modulo;nine;obtain;parsing;performance;plus;presence;presentation;properly;radius;reliably;roles;root;state;statement;status;suited;template;titles;twice
item_585bce9da48a119d,if if if if if if if if if if if if if if if if if if if if if if if if if if if if if if if if if if if if if if if if if if if if if if if if if if if if if the,accordingly;calculated;contains;details;empty;encouraging;examined;ids;inequality;inspiring;modified;modulo;nine;obtain;pattern;performance;plus;presentation;properly;radius;recognizing;reliably;roles;root;session;sides;state;statement;status;suited;template;titles;tracked;twice
item_1b11c0f9bc481d22,company company company company company company company company company company company company company company company company company company company company company company company company company company company company company company company company company company company company company company company company company company company company company company company company company company company company company the,accordingly;added;calculated;commented;comparison;contains;details;empty;encouraging;every;ids;inequality;inspiring;link;locate;modified;modulo;nine;pattern;period;plus;presentation;properly;radius;reliably;roles;root;single;state;statement;status;suited;template;titles
item_ba3111e0c06408f7,angle angle angle angle angle angle angle angle angle angle angle angle angle angle angle angle angle angle angle angle angle angle angle angle angle angle angle angle angle angle angle angle angle angle angle angle angle angle angle angle angle angle angle angle angle angle angle angle angle angle angle angle angle x,action;added;appropriately;calculating;choosing;commented;contains;details;empty;encouraging;every;inequality;inspiring;modified;modulo;nine;performance;plus;presentation;proceed;radius;reflected;reliably;rely;relying;roles;root;sides;state;status;suited;template;titles;twice
item_07da76a4558bf3e1,x x x x x x x x x x x x x x x x x x x x x x x x x x x x x x x x x x x x x x x x x x x x x x x x x x x x x cos,accordingly;calculated;calculating;commented;contains;details;empty;encouraging;filtering;generation;ids;inequality;inspiring;locate;modified;modulo;nine;pattern;period;plus;presentation;properly;radius;reliably;roles;root;sides;state;statement;status;suited;template;titles;twice
item_2767c2716ca1960f,medium medium medium medium medium medium medium medium medium medium medium medium medium medium medium medium medium medium medium medium medium medium medium medium medium medium medium medium medium medium medium medium medium medium medium medium medium medium medium medium medium medium medium medium medium medium medium medium medium medium medium medium the the,accordingly;case;commented;contains;derive;details;empty;encouraging;every;filtering;inequality;inspiring;modified;modulo;nine;obtain;period;plus;presence;presentation;properly;radius;recognizing;reliably;roles;root;sides;state;statement;status;suited;template;titles;tracked
item_de2f62ae15fe03ae,the the user user user user user user user user user user user user user user user user user user user user user user user user user user user user user user user user user user user user user user user user user user user user user user user user user user user the,accordingly;areas;calculated;commented;contains;derive;empty;encouraging;every;filtering;ids;individual;inequality;inspiring;modified;modulo;nine;period;plus;presentation;properly;radius;recognizing;reliably;roles;root;sides;state;statement;status;suited;template;titles;twice
item_eac6ad445b841fad,region region region region region region region region region region region region region region region region region region region region region region region region region region region region region region region region region region region region region region region region region region region region region region region region region region region region the the,accordingly;answers;calculated;case;commented;contains;details;empty;encouraging;every;ids;inequality;modified;modulo;nine;obtain;performance;plus;presence;presentation;properly;radius;reliably;roles;root;state;statement;status;successfully;suited;template;titles;tracked;twice
item_37581ceb631b81bb,need need need need need need need need need need need need need need need need need need need need need need need need need need need need need need need need need need need need need need need need need need need need need need need need need need need need the the,accordingly;calculated;calculating;commented;comparison;contains;empty;encouraging;every;ids;inequality;inspiring;modified;modulo;nine;obtain;period;plus;presence;presentation;properly;radius;recognizing;reliably;roles;root;state;statement;status;successfully;suited;template;titles;twice
item_1915fe861a597db0,same same same same same same same same same same same same same same same same same same same same same same same same same same same same same same same same same same same same same same same same same same same same same same same same same same same same same same,accordingly;action;appropriately;contains;derive;details;empty;encouraging;every;ids;inequality;inspiring;modified;modulo;nine;obtain;period;plus;presence;presentation;proceed;properly;radius;reliably;root;single;state;statement;status;suited;template;titles;tracked;twice
item_a93f5a36568cce54,from from from from from from from from from from from from from from from from from from from from from from from from from from from from from from from from from from from from from from from from from from from from from from from from from from from from from the,accordingly;areas;calculated;commented;contains;details;empty;encouraging;every;filtering;ids;inequality;inspiring;link;locate;modified;modulo;nine;obtain;plus;presence;presentation;radius;recognizing;reliably;root;state;statement;status;suited;template;titles;tracked;twice
item_ceff0f54d9a951c6,expected expected expected expected expected expected expected expected expected expected expected expected expected expected expected expected expected expected expected expected expected expected expected expected expected expected expected expected expected expected expected expected expected expected expected expected expected expected expected the the the the the the the the the the the the the the the,accordingly;calculated;calculating;contains;definitions;derive;details;empty;encouraging;every;face;ids;inequality;inspiring;modified;nine;obtain;performance;plus;presence;presentation;properly;radius;recognizing;reliably;root;sides;single;state;statement;status;suited;template;titles
item_b71174c5771ea4c1,1 1 1 1 1 1 1 1 1 1 1 1 1 1 1 1 1 1 1 1 1 1 1 1 1 1 1 1 1 1 1 1 1 1 1 1 1 1 1 1 1 1 1 1 1 1 1 1 1 1 1 1 1 the,accordingly;align;calculated;calculating;comparison;contains;details;different;empty;encouraging;every;examined;ids;inequality;inspiring;modified;nine;plus;presence;presentation;properly;radius;recognizing;reliably;relying;root;state;statement;status;suited;template;titles;tracked;translated
item_e692400dd130e2a0,0 0 0 0 0 0 0 0 0 0 0 0 0 0 0 0 0 0 0 0 0 0 0 0 0 0 0 0 0 0 0 0 0 0 0 0 0 0 0 0 0 0 0 0 0 0 0 0 0 0 0 0 0 multicolumn2r,accordingly;answers;appropriately;calculated;contains;details;empty;encouraging;every;ids;inequality;inspiring;link;locate;nine;obtain;period;plus;presentation;properly;radius;reliably;root;sides;since;single;state;statement;status;suited;template;titles;toward;tracked
item_e2d991e4c7232036,the the the the the the the the the the the the the the the the the the the the the the the the the the the the the the the the the the the the quotes quotes quotes quotes quotes quotes quotes quotes quotes quotes quotes quotes quotes quotes quotes quotes quotes quotes,accordingly;appropriately;calculated;commented;contains;empty;every;filtering;ids;inequality;inspiring;modified;modulo;nine;obtain;performance;period;plus;presentation;proceed;radius;recognizing;related;reliably;roles;root;state;statement;status;successfully;suited;template;titles;twice
item_2f4f9eb288945514,13 13 13 13 13 13 13 13 13 13 13 13 13 13 13 13 13 13 13 13 13 13 13 13 13 13 13 13 13 13 13 13 13 13 13 13 13 13 13 13 13 13 13 13 13 13 13 13 13 13 13 13 13 the,accordingly;calculated;commented;comparison;contains;details;empty;encouraging;every;filtering;ids;inequality;inspiring;modified;modulo;nine;obtain;plus;presence;presentation;properly;radius;recognizing;reliably;roles;sides;single;state;statement;status;suited;template;titles;translated
item_2a4782a901e985cd,city city city city city city city city city city city city city city city city city city city city city city city city city city city city city city city city city city city city city city city city city city city city city city city city city city city city city the,accordingly;adult;calculated;commented;contains;derive;details;empty;encouraging;every;filtering;ids;inequality;inspiring;link;modified;modulo;nine;obtain;plus;presentation;properly;radius;reliably;root;sides;state;statement;status;successfully;suited;template;titles;tracked
item_02644d1f7c535cf4,page page page page page page page page page page page page page page page page page page page page page page page page page page page page page page page page page page page page page page page page page page page page page page page page page page page page page is,accordingly;answers;calculated;commented;contains;derive;empty;encouraging;every;ids;inequality;modified;modulo;nine;obtain;pattern;perform;period;plus;presence;presentation;properly;radius;reliably;relying;root;sides;single;statement;status;suited;template;titles;tracked
item_ba0acbc78f6ecb74,category category category category category category category category category category category category category category category category category category category category category category category category category category category category category category category category category category category category category category category category category category category category category category category category category category category category the the,accordingly;added;calculated;contains;details;empty;encouraging;every;ids;inequality;inspiring;modified;modulo;nine;period;plus;presence;presentation;properly;radius;recognizing;reliably;relying;roles;root;single;state;statement;status;suited;template;titles;tracked;twice
item_bd7fa8a49e205357,url url url url url url url url url url url url url url url url url url url url url url url url url url url url url url url url url url url url url url url url url url url url url url url url url url url the the the,accordingly;areas;calculated;case;commented;comparison;contains;derive;empty;encouraging;every;ids;inequality;inspiring;modified;modulo;nine;obtain;plus;presentation;properly;radius;recognizing;reliably;roles;root;state;statement;status;suited;template;titles;tracked;twice
item_330ba62c4b4399cf,q q q q q q q q q q q q q q q q q q q q q q q q q q q q q q q q q q q q q q q q q q q q q q q q q q q q q q,action;answers;calculated;calculating;commented;contains;derive;details;empty;encouraging;every;filtering;ids;inequality;modified;modulo;nine;obtain;perform;period;plus;presence;presentation;radius;reliably;roles;root;state;statement;status;suited;template;titles;twice
item_58dbf2301b8edb29,their their their their their their their their their their their their their their their their their their their their their their their their their their their their their their their their their their their their their their their their their their their their their their their their their their their their their the,accordingly;calculating;case;contains;empty;encouraging;every;examined;ids;inequality;modified;modulo;nine;obtain;perform;performance;period;plus;presentation;properly;radius;reflected;reliably;root;session;sides;since;state;statement;status;suited;template;titles;twice
item_5a45745f20b7270e,reviews reviews reviews reviews reviews reviews reviews reviews reviews reviews reviews reviews reviews reviews reviews reviews reviews reviews reviews reviews reviews reviews reviews reviews elementary elementary elementary elementary elementary elementary elementary elementary elementary elementary elementary elementary elementary elementary elementary elementary elementary elementary elementary elementary elementary elementary elementary elementary elementary elementary elementary elementary elementary the,accordingly;answers;areas;calculated;commented;contains;empty;encouraging;every;ids;individual;inequality;modified;modulo;nine;obtain;pattern;perform;period;plus;presence;presentation;properly;radius;recognizing;reliably;roles;root;sides;statement;status;suited;template;titles
item_8ee8c8fcfd6fb0d6,value return return return return return return return return return return return return return return return return return return return return return return return return return return return return return return return return return return return return return return return return return return return return return return return return return return return return return,align;appropriately;calculated;calculating;commented;comparison;contains;depends;details;empty;encouraging;every;ids;inequality;nine;pattern;performance;period;plus;presence;presentation;properly;radius;reliably;relying;sides;statement;status;suited;template;titles;toward;tracked;translated
item_1ef5d2b18ab4d44d,data data data data data data data data data data data data data data data data data data data data data data data data data data data data data data data data data data data data data data data data data data data data data data data data data data data data data data,accordingly;calculated;calculating;comparison;contains;definitions;details;empty;encouraging;every;ids;inequality;inspiring;modified;modulo;nine;obtain;plus;presence;presentation;radius;recognizing;related;reliably;roles;sides;single;state;statement;status;suited;template;titles;twice
item_f2a18d1d18b6b5d2,import import import import import import import import import import import import import import import import import import import import import import import import import import import import import import import import import import import import import import import import import import import import import import import import import import import import import from,accordingly;action;adult;align;calculated;calculating;commented;contains;details;empty;encouraging;every;ids;inequality;inspiring;modified;modulo;nine;obtain;pattern;period;presentation;radius;reflected;reliably;rely;root;sides;status;suited;template;titles;toward;tracked
item_42bddd3316df5ae0,y y y y y y y y y y y y y y y y y y y y y y y y y y y y y y y y y y y y y y y y y y y y y y y y y y y y y y,accordingly;answers;calculated;calculating;commented;comparison;contains;details;empty;encouraging;filtering;ids;inequality;inspiring;integration;link;locate;modulo;nine;obtain;plus;presentation;properly;radius;recognizing;reliably;roles;root;state;statement;status;suited;template;titles
item_36d33d02ce1ad665,is the the the the the the the the the the the the the the the the the the the the the the the the the the the the the the the the the the the the the the the the the the the the the the the the the the the the the,accordingly;added;case;commented;contains;details;empty;encouraging;every;ids;inequality;inspiring;modified;modulo;nine;period;plus;presence;presentation;properly;radius;reliably;roles;root;sides;single;state;statement;status;suited;template;titles;tracked;twice
item_0700b9874be229ca,response response response response response response response response response response response response response response response response response response response response response response response response response response response response response response response response response response response response response response response response response response response response response response response response response response response response the the,accordingly;commented;comparison;contains;derive;details;empty;encouraging;every;filtering;ids;inequality;inspiring;link;modified;modulo;nine;obtain;plus;presentation;properly;radius;reliably;roles;root;sides;state;statement;status;successfully;suited;template;titles;twice
item_dee6a34eb21cdf2f,the the the the the the the the the the the the user user user user user user user user user user user user user user user user user user user user user user user user user user user user user user user user user user user user user user user user user the,accordingly;calculating;case;commented;contains;details;empty;encouraging;every;ids;inequality;inspiring;modified;modulo;nine;obtain;plus;presence;presentation;properly;radius;recognizing;reliably;roles;root;sides;state;statement;status;successfully;suited;template;titles;twice
item_292a4189e1cd527d,3 3 3 3 3 3 3 3 3 3 3 3 3 3 3 3 3 3 3 3 3 3 3 3 3 3 3 3 3 3 3 3 3 3 3 3 3 3 3 3 3 3 3 3 3 3 3 3 3 3 3 3 3 fracx2,accordingly;added;calculated;commented;comparison;contains;details;empty;encouraging;every;generation;ids;inequality;inspiring;locate;modulo;nine;obtain;period;plus;presentation;radius;reliably;relying;root;state;statement;status;successfully;suited;template;titles;toward;tracked
item_a94c8851f5c998f2,response response response response response response response response response response response response response response response response response response response response response response response response response response response response response response response response response response response response response response response response response response response response response response response response response response response response response the,accordingly;calculating;case;commented;contains;details;empty;encouraging;every;ids;inequality;link;modified;modulo;nine;obtain;plus;presence;presentation;properly;radius;recognizing;reliably;roles;root;sides;state;statement;status;suited;template;titles;tracked;twice
item_93a6e0ceff98d082,the the the the the the the the the the the the the the the the the the the the the the the the the the the the the the the the the the the the the the the the the the the the the the the the the the the the the and,accordingly;commented;contains;derive;empty;encouraging;every;ids;inequality;inspiring;intended;link;locate;modified;modulo;nine;obtain;period;plus;presentation;properly;radius;reliably;root;single;state;statement;status;successfully;suited;template;titles;tracked;twice
item_035a9bea7a0b92c8,if if if if if if if if if if if if if if if if if if if if if if if if if if if if if if if if if if if if if if if if if if if if if if if if if if if if if the,accordingly;case;commented;contains;definitions;details;empty;encouraging;every;ids;inequality;inspiring;locate;modified;modulo;nine;obtain;period;plus;presentation;properly;radius;reliably;roles;root;sides;state;statement;status;successfully;suited;template;titles;twice
item_18cc05cc70798df0,source source source source source source source source source source source source source source source source source source source source source source source source source source source source source source source source source source source source source source source source source source source source source source source source source source source source the the,accordingly;appropriately;case;commented;contains;details;empty;encouraging;every;ids;inequality;inspiring;modified;modulo;nine;obtain;plus;presence;presentation;properly;radius;recognizing;reliably;roles;root;state;statement;status;suited;template;titles;tracked;translated;twice
item_92d65d6e7ce296cb,usd usd usd usd usd usd usd usd usd usd usd usd usd usd usd usd usd usd usd usd usd usd usd usd usd usd usd usd usd usd usd usd usd usd usd usd usd usd usd usd usd usd usd usd usd usd usd usd usd usd usd usd usd 1000,added;contains;details;empty;encouraging;every;generation;ids;inequality;inspiring;link;modified;modulo;nine;pattern;performance;period;plus;presence;presentation;properly;radius;recognizing;reliably;root;sides;state;statement;status;suited;template;titles;twice;understand
item_def8e41a59c3363d,function function function function function function function function function function function function function function function function function function function function function function function function function function function function function function function function function function function function function function function function function function function function function function function function function function function function the the,accordingly;calculating;commented;contains;details;empty;encouraging;every;ids;inequality;inspiring;modified;modulo;nine;obtain;performance;plus;presence;presentation;properly;radius;recognizing;reliably;roles;root;state;statement;status;successfully;suited;template;titles;translated;twice
item_b26ecc31b79c963d,function function function function function function function function function function function function function function function function function function function function function function function function function function function function function function function function function function function function function function function function function function function function function function function function function function function function the the,accordingly;case;commented;contains;derive;details;empty;encouraging;every;ids;inequality;inspiring;modified;modulo;nine;obtain;plus;presence;presentation;properly;radius;recognizing;reliably;roles;root;state;statement;status;successfully;suited;template;titles;tracked;twice
item_567db416a6d3c109,of of of of of of of of of of of of of of of of of of of of of of of of of of of of of of of of of of of of of of of of of of of of of of of of of of of of of arc,accordingly;answers;calculated;commented;contains;definitions;details;empty;encouraging;every;filtering;helper;ids;inequality;inspiring;locate;modified;nine;obtain;period;plus;presentation;properly;radius;reliably;roles;sides;state;status;suited;template;titles;twice;understand
item_98e82500fbf79a25,one one one one one one one one one one one one one one one one one one one one one one one one one one one one one one one one one one one one one one one one one one one one one one one one one one one one one the,accordingly;added;calculated;calculating;commented;contains;details;empty;encouraging;every;ids;inequality;inspiring;link;modified;modulo;nine;obtain;plus;presentation;properly;radius;recognizing;reliably;root;state;statement;status;suited;template;titles;toward;tracked;twice
item_009c4f403771e6f7,school school school school school school school school school school school school school school school school school school school school school school school school school school school school school school school school school school school school school school school school school school school school school school school school school school school school the the,accordingly;answers;calculated;commented;contains;empty;encouraging;every;filtering;ids;inequality;modified;modulo;nine;obtain;pattern;perform;period;plus;presence;presentation;properly;radius;recognizing;reliably;relying;session;sides;statement;status;suited;template;titles;tracked
item_9db9b047f15dceba,provided provided provided provided provided provided provided provided provided user user user user user user user user user user user user user user user user user user user user user user user user user user user user user user user user user user user user user user user user user user user user the,accordingly;calculated;case;commented;contains;derive;empty;encouraging;every;filtering;ids;inequality;inspiring;modified;modulo;nine;obtain;plus;pool;presentation;properly;radius;recognizing;reliably;root;sides;state;statement;status;successfully;suited;template;titles;twice
item_44a12121ffba7951,renaming renaming renaming renaming renaming renaming renaming renaming renaming renaming renaming renaming renaming renaming renaming renaming renaming renaming renaming renaming renaming renaming renaming renaming renaming the the the the the the the the the the the the the the the the the the the the the the the the the the the the the,accordingly;contains;details;empty;encouraging;every;examined;ids;inequality;inspiring;modified;modulo;nine;obtain;perform;period;plus;presentation;properly;radius;recognizing;reliably;relying;roles;root;sides;single;state;statement;status;suited;template;titles;translated
item_065c852166f8f48f,translation translation translation translation translation translation translation translation translation translation translation translation translation translation translation translation translation translation translation translation translation translation translation translation translation translation translation translation translation translation translation translation translation translation translation translation translation translation translation translation translation translation translation translation translation translation translation translation translation translation translation translation translation translation,accordingly;calculated;commented;contains;details;empty;encouraging;every;filtering;ids;inequality;inspiring;intended;modified;modulo;nine;period;plus;presence;presentation;properly;radius;reliably;roles;root;sides;state;statement;status;successfully;suited;template;titles;twice
item_c8f40b57cd502efe,differ 345 345 345 345 345 345 345 345 345 345 345 345 345 345 345 345 345 345 345 345 345 345 345 345 345 345 345 345 345 345 345 345 345 345 345 345 345 345 345 345 345 345 345 345 345 345 345 345 345 345 345 345 and,accordingly;answers;appropriately;areas;calculated;calculating;commented;contains;details;empty;encouraging;filtering;ids;inequality;nine;obtain;performance;plus;presence;presentation;properly;radius;recognizing;reliably;relying;roles;root;state;statement;status;suited;template;titles;twice
item_16ba47b6221ede4f,feedback feedback feedback feedback feedback feedback feedback feedback feedback feedback feedback feedback feedback feedback feedback feedback feedback feedback feedback feedback feedback feedback feedback feedback feedback feedback feedback feedback feedback feedback feedback feedback feedback feedback feedback feedback feedback feedback feedback feedback feedback feedback feedback feedback feedback feedback feedback feedback feedback feedback feedback feedback the the,accordingly;appropriately;calculated;commented;contains;empty;encouraging;every;examined;ids;inequality;inspiring;modified;modulo;nine;obtain;performance;period;presentation;properly;radius;reflected;related;reliably;relying;root;session;state;statement;status;suited;template;titles;twice
item_213f2555ce16fb8d,barcode barcode barcode barcode barcode barcode barcode barcode barcode barcode barcode barcode barcode barcode barcode barcode barcode barcode barcode barcode barcode barcode barcode barcode barcode barcode barcode barcode barcode barcode barcode barcode barcode barcode barcode barcode barcode barcode barcode barcode barcode barcode barcode barcode barcode barcode barcode barcode barcode barcode barcode barcode barcode the,accordingly;arrangements;commented;comparison;contains;details;empty;encouraging;filtering;ids;inequality;inspiring;intended;locate;modified;modulo;nine;obtain;plus;presence;presentation;properly;radius;recognizing;roles;root;state;statement;status;suited;template;titles;tracked;twice
item_54b4145ee2135b88,company company company company company company company company company company company company company company company company company company company company company company company company company company company company company company company company company company company company company company company company company company company company company company company company company company company company the the,accordingly;calculated;case;commented;contains;empty;encouraging;every;filtering;ids;inequality;inspiring;modified;modulo;nine;obtain;performance;plus;pool;presentation;properly;radius;recognizing;reliably;root;sides;state;statement;status;successfully;suited;template;titles;twice
item_bd038a84064dd3e3,elementary elementary elementary elementary elementary elementary elementary elementary elementary elementary elementary elementary elementary elementary elementary elementary elementary elementary elementary elementary elementary elementary elementary elementary elementary elementary elementary elementary elementary elementary elementary elementary elementary elementary elementary elementary elementary elementary elementary elementary elementary elementary elementary elementary elementary elementary elementary elementary elementary elementary elementary elementary elementary elementary,accordingly;calculated;commented;contains;derive;details;empty;encouraging;every;filtering;ids;inequality;modified;modulo;nine;obtain;perform;performance;period;plus;presentation;properly;radius;reliably;root;session;sides;single;statement;status;suited;template;titles;tracked
item_6b8b0ac164a77b36,the the the user user user user user user user user user user user user user user user user user user user user user user user user user user user user user user user user user user user user user user user user user user user user user user user user user user the,accordingly;calculated;commented;contains;details;empty;encouraging;every;filtering;ids;inequality;inspiring;modified;modulo;nine;obtain;plus;presence;presentation;properly;radius;recognizing;reliably;roles;root;single;state;statement;status;successfully;suited;template;titles;twice
item_bc37377bc08d48b3,from from from import import import import import import import import import import import import import import import import import import import import import import import import import import import import import import import import import import import import import import import import import import import import import import import import import import from,accordingly;added;calculated;calculating;comparison;contains;details;empty;encouraging;every;expecting;field;ids;inequality;link;locate;making;modified;modulo;nine;obtain;period;plus;presentation;properly;radius;reflected;reliably;root;sides;state;status;suited;titles
item_7683727debf82dfe,0 0 0 0 0 0 0 0 0 0 0 0 0 0 0 0 0 0 0 0 0 0 0 0 0 0 0 0 0 0 0 0 0 0 0 0 0 0 0 0 0 0 0 0 0 0 0 0 0 0 0 0 0 the,calculated;calculating;choosing;comparison;contains;details;empty;encouraging;every;ids;inequality;inspiring;link;modified;modulo;nine;obtain;plus;pool;presentation;properly;radius;recognizing;reliably;relying;root;single;state;statement;status;successfully;suited;template;titles
item_4c85410a0b2fc57b,information information information information information information information information information information information information information information information information information information information information information information information information information information information information information information information information information information information information information information information information information information information information information information information information information information information information the the,accordingly;appropriately;case;commented;contains;derive;empty;encouraging;every;filtering;ids;inequality;inspiring;modified;modulo;nine;obtain;period;plus;presentation;properly;radius;recognizing;reliably;root;sides;state;statement;status;successfully;suited;template;titles;tracked
item_20495c694fb6bf7e,be be be be be be be be be be be be be be be be be be be be be be be be be be be be be be be be be be be be be be be be be be be be be be be be be be be be total total,accordingly;action;calculated;calculating;commented;contains;derive;details;empty;encouraging;every;ids;inequality;inspiring;modified;modulo;nine;obtain;plus;presence;presentation;properly;radius;recognizing;reliably;relying;roles;root;state;statement;status;suited;template;titles
item_e94905d4a995067f,i the the the the the the the the the the the the the the the the the the the the the the the the the the the the the the the the the the the the the the the the the the the the the the the the the the the the the,accordingly;commented;comparison;contains;derive;details;empty;encouraging;every;ids;inequality;inspiring;modified;modulo;nine;obtain;perform;period;plus;presentation;properly;radius;recognizing;reliably;root;state;statement;status;successfully;suited;template;titles;tracked;twice
item_b3a6d4a881e656d2,conversion conversion conversion conversion conversion conversion conversion conversion conversion conversion conversion conversion conversion conversion conversion conversion conversion conversion conversion conversion conversion conversion conversion conversion conversion conversion conversion conversion conversion conversion conversion conversion conversion conversion conversion conversion conversion conversion conversion conversion conversion conversion conversion conversion conversion conversion conversion conversion conversion conversion conversion the the the,accordingly;calculated;commented;comparison;contains;details;empty;encouraging;every;ids;inequality;inspiring;modified;modulo;nine;obtain;period;plus;presentation;properly;radius;reliably;root;sides;single;state;statement;status;successfully;suited;template;titles;tracked;understand
item_4a74f9c337ff8eba,once once once once once once once once once once once once once once once once once once once once once once once once once once once once once once once once once once once once once once once once once once once once once once once once once once once once the the,accordingly;adult;appropriately;calculated;commented;contains;details;empty;encouraging;every;ids;inequality;inspiring;link;locate;modified;modulo;nine;obtain;plus;presentation;properly;radius;reflected;reliably;root;state;statement;status;successfully;suited;template;titles;translated
item_6d3afcae0ced1585,post post post post post post post post post post post post post post post post post post post post post post post post post post post post post post post post post post post post post post post post post post post post post post post post post post post post the the,accordingly;calculated;commented;contains;details;empty;encouraging;every;ids;inequality;link;modified;modulo;nine;obtain;period;plus;presence;presentation;properly;radius;recognizing;reliably;roles;root;single;state;statement;status;successfully;suited;template;titles;twice
item_0d0875f7d58390bd,hours hours hours hours hours hours hours hours hours hours hours hours hours hours hours hours hours hours hours hours hours hours hours hours hours hours hours hours hours hours hours hours hours hours hours hours hours hours hours hours hours hours hours hours hours hours hours hours hours hours hours hours hours the,accordingly;areas;calculated;commented;contains;definitions;details;empty;encouraging;every;ids;inequality;inspiring;modified;modulo;nine;performance;plus;presence;presentation;properly;radius;reliably;roles;root;sides;state;statement;status;suited;template;titles;tracked;translated
item_b92d9e9a9b282f6b,cooling cooling cooling cooling cooling cooling cooling cooling cooling cooling cooling cooling cooling cooling cooling cooling cooling cooling cooling cooling cooling cooling cooling cooling cooling cooling cooling cooling cooling cooling cooling cooling cooling cooling cooling cooling cooling cooling cooling cooling cooling cooling cooling cooling cooling cooling cooling cooling cooling cooling cooling cooling the the,accordingly;calculating;commented;comparison;contains;definitions;derive;details;empty;encouraging;every;ids;inequality;inspiring;modified;nine;obtain;period;plus;presence;presentation;properly;radius;recognizing;reliably;relying;root;single;state;statement;status;suited;template;titles
item_dd6427d7dc445f9a,of of of of of of of of of of of of of of of of of of of of of of of of of of of of of of of of of of of of of of of of of of of of of of of of of of of of the the,accordingly;answers;appropriately;areas;calculating;commented;contains;details;empty;encouraging;filtering;ids;inequality;inspiring;modified;nine;plus;pool;presentation;properly;radius;recognizing;reliably;relying;roles;root;sides;since;state;statement;status;suited;template;titles
item_3a087aac124d33a5,function function function function function function function function function function function function function function function function function function function function function function function function function function function function function function function function function function function function function function function function function function function function function function function function function function function function function the,accordingly;calculating;case;commented;contains;derive;details;empty;encouraging;every;ids;inequality;modified;modulo;nine;obtain;performance;plus;presentation;properly;radius;recognizing;reliably;roles;root;sides;state;statement;status;successfully;suited;template;titles;twice
item_2195839e7f4f51de,holidays holidays holidays holidays holidays holidays holidays holidays holidays holidays holidays holidays holidays holidays holidays holidays holidays holidays holidays holidays holidays holidays holidays holidays holidays holidays holidays holidays holidays holidays holidays holidays holidays holidays holidays holidays holidays holidays holidays holidays holidays holidays holidays holidays holidays holidays holidays holidays holidays holidays holidays holidays the the,accordingly;answers;appropriately;commented;details;empty;encouraging;every;ids;inequality;inspiring;locate;modified;modulo;nine;obtain;performance;period;plus;presentation;radius;reliably;relying;roles;root;sides;state;statement;status;successfully;suited;template;titles;tracked
item_446399e37fb889a8,b b b b b b b b b b b b b b b b b b b b b b b b b b b b b b b b b b b b b b b b b b b b b b b b b b b b b the,accordingly;action;answers;calculated;calculating;commented;contains;details;empty;encouraging;every;ids;inequality;inspiring;modified;nine;obtain;period;plus;presence;presentation;properly;radius;recognizing;reliably;roles;sides;single;state;statement;status;suited;template;titles
item_9a13cf59beb991ae,setup version version version version version version version version version version version version version version version version version version version version version version version version version version version version version version version version version version version version version version version version version version version version version version version version version version version version version,accordingly;action;adult;align;appropriately;calculated;calculating;commented;contains;details;empty;encouraging;every;ids;inequality;modified;modulo;nine;obtain;plus;presence;presentation;properly;radius;reliably;roles;sides;state;statement;status;suited;template;titles;translated
item_3788623e21ea1e78,y y y y y y y y y y y y y y y y y y y y y y y y y y y y y y y y y y y y y y y y y y y y y y y y y y y y y y,accordingly;added;calculated;calculating;commented;comparison;contains;details;empty;encouraging;examined;filtering;finished;inequality;inspiring;modified;modulo;nine;obtain;plus;presentation;properly;radius;reliably;relying;roles;since;state;statement;status;suited;template;titles;twice
item_23c42e5148e2dca7,the the radius radius radius radius radius radius radius radius radius radius radius radius radius radius radius radius radius radius radius radius radius radius radius radius radius radius radius radius radius radius radius radius radius radius radius radius radius radius radius radius radius radius radius radius radius radius radius radius radius radius the the,accordingly;appropriately;calculated;commented;contains;empty;encouraging;ids;individual;inequality;inspiring;modified;modulo;nine;obtain;perform;period;plus;presence;presentation;properly;recognizing;reliably;roles;root;state;statement;status;successfully;suited;template;titles;tracked;translated
item_4f0a7b85fadb271f,url url url url url url url url url url url url url url url url url url url url url url url url url url url url url url url url url url url url url url url url url url url url url url url url url url url url the the,accordingly;calculated;case;commented;contains;empty;encouraging;every;ids;individual;inequality;inspiring;modified;modulo;nine;obtain;perform;plus;presence;presentation;properly;radius;reliably;roles;root;state;statement;status;suited;template;titles;tracked;translated;twice
item_f5b05c527b6668da,fourth fourth fourth fourth fourth fourth fourth fourth fourth fourth fourth fourth fourth fourth fourth fourth fourth fourth fourth fourth fourth fourth fourth fourth fourth fourth fourth fourth fourth fourth fourth fourth fourth fourth fourth fourth fourth fourth fourth fourth fourth fourth fourth fourth fourth fourth fourth fourth fourth fourth fourth fourth fourth the,accordingly;case;commented;contains;details;empty;encouraging;every;filtering;ids;inequality;inspiring;modified;modulo;nine;obtain;period;plus;presence;presentation;radius;recognizing;reliably;roles;root;single;state;statement;status;suited;template;titles;tracked;twice
item_ebc0be025ae723c2,algorithm algorithm algorithm algorithm algorithm algorithm algorithm algorithm algorithm algorithm algorithm algorithm algorithm algorithm algorithm algorithm algorithm algorithm algorithm algorithm algorithm algorithm algorithm algorithm algorithm algorithm algorithm algorithm algorithm algorithm algorithm algorithm algorithm algorithm algorithm algorithm algorithm algorithm algorithm algorithm algorithm algorithm algorithm algorithm algorithm algorithm algorithm algorithm algorithm algorithm algorithm algorithm algorithm the,accordingly;case;commented;contains;details;empty;encouraging;every;filtering;ids;inequality;inspiring;modified;modulo;nine;obtain;period;plus;presence;presentation;properly;radius;recognizing;reliably;roles;root;sides;state;statement;status;suited;template;text;titles
item_44ce8a93e3c85cf3,stocks stocks stocks stocks stocks stocks stocks stocks stocks stocks stocks stocks stocks stocks stocks stocks stocks stocks stocks stocks stocks stocks stocks stocks stocks stocks stocks stocks stocks stocks stocks stocks stocks stocks stocks stocks stocks stocks stocks stocks stocks stocks stocks stocks the the the the the the the the the the,accordingly;appropriately;calculated;case;commented;contains;empty;encouraging;every;filtering;finished;ids;inequality;inspiring;locate;modified;nine;obtain;period;plus;presentation;properly;radius;recognizing;reliably;relying;root;state;statement;status;successfully;suited;template;titles
item_d4a4e72eadc550ef,weather weather weather weather weather weather weather weather weather weather weather weather weather weather weather weather weather weather weather weather weather weather weather weather weather weather weather weather weather weather weather weather weather weather weather weather weather weather weather weather weather weather weather weather weather weather weather weather weather weather weather weather weather the,accordingly;appropriately;comparison;contains;details;empty;encouraging;every;filtering;ids;inequality;inspiring;modified;modulo;nine;obtain;performance;plus;presentation;properly;radius;reliably;root;session;sides;single;state;statement;status;suited;template;titles;tracked;twice
item_46a61867e6c74e75,4 4 4 4 4 4 4 4 4 4 4 4 4 4 4 4 4 4 4 4 4 4 4 4 4 4 4 4 4 4 4 4 4 4 4 4 4 4 4 4 4 4 4 4 4 4 4 4 4 4 4 4 4 the,accordingly;answers;calculated;calculating;commented;contains;details;empty;encouraging;every;ids;inequality;inspiring;nine;period;plus;presence;presentation;radius;recognizing;related;reliably;roles;root;since;state;statement;status;suited;template;titles;tracked;twice;understand
item_7c7e2be562d4429c,name name name name name name name name name name name name name name name name name name name name name name name name name name name name name name name name name name name name name name name name name name name name name name name name name name name name name postscript,accordingly;action;align;calculated;calculating;commented;comparison;coverage;details;empty;encouraging;every;ids;inequality;inspiring;locate;nine;obtain;period;plus;presentation;radius;reliably;relying;roles;sides;state;status;suited;template;titles;toward;tracked;translated
item_ffc205416307a899,2 2 2 2 2 2 2 2 2 2 2 2 2 2 2 2 2 2 2 2 2 2 2 2 2 2 2 2 2 2 2 2 2 2 2 2 2 2 2 2 2 2 2 2 2 2 2 2 2 2 2 2 2 the,accordingly;added;answers;areas;calculated;commented;contains;details;empty;encouraging;examined;filtering;inequality;inspiring;locate;modified;modulo;nine;plus;presence;presentation;properly;radius;reliably;roles;root;sides;state;statement;status;suited;template;titles;twice
item_2e05d1917f80aa5c,if if if if if if if if if if if if if if if if if if if if if if if if if if if if if if if if if if if if if if if if if if if if if if if if if if if if if and,accordingly;added;areas;calculated;calculating;contains;details;empty;encouraging;finished;ids;inequality;integers;link;locate;nine;obtain;period;plus;presentation;properly;radius;reflected;reliably;relying;root;since;single;state;statement;status;suited;template;titles
item_6ce9a916a31da852,1 1 1 1 1 1 1 1 1 1 1 1 1 1 1 1 1 1 1 1 1 1 1 1 1 1 1 1 1 1 1 1 1 1 1 1 1 1 1 1 1 1 1 1 1 1 1 1 1 1 1 1 the the,accordingly;calculated;case;commented;contains;details;empty;encouraging;every;ids;inequality;inspiring;modified;modulo;nine;obtain;performance;plus;presence;presentation;radius;recognizing;reliably;root;session;state;statement;status;successfully;suited;template;titles;tracked;translated
item_1778686d01bef849,models models models models models models models models models models models models models models models models models models models models models models models models models models models models models models models models models models models models models models models models models models models models models models models models models models models models models c,action;appropriately;calculated;choosing;comparison;contains;details;empty;encouraging;every;ids;inequality;inspiring;link;locate;modified;nine;plus;presentation;properly;radius;reliably;relying;roles;root;sides;since;single;state;statement;status;suited;template;titles
item_7dada7bece057341,1000 1000 1000 1000 1000 1000 1000 1000 1000 1000 1000 1000 1000 1000 1000 1000 1000 1000 1000 1000 1000 1000 1000 1000 1000 1000 1000 1000 1000 1000 1000 1000 1000 1000 1000 1000 1000 1000 1000 1000 1000 1000 1000 1000 1000 1000 1000 1000 1000 1000 1000 1000 1000 to,accordingly;calculated;commented;contains;details;empty;encouraging;every;ids;inequality;inspiring;link;modified;modulo;nine;pattern;perform;performance;period;plus;presentation;properly;radius;recognizing;reliably;root;sides;state;statement;status;suited;template;titles;twice
item_91dbf506df7d7b54,file file file file file file file file file file file file file file file file file file file file file file file file file file file file file file file file file file file file file file file file file file file file file file file file file file file file the the,accordingly;calculated;contains;details;empty;encouraging;every;ids;individual;inequality;inspiring;locate;modified;modulo;nine;obtain;period;plus;presence;presentation;properly;radius;recognizing;reliably;roles;root;state;statement;status;suited;template;titles;tracked;twice
item_1c18a9c997bd3405,filename static static static static static static static static static static static static static static static static static static static static static static static static static static static static static static static static static static static static static static static static static static static static static static static static static static static static static,accordingly;adult;appropriately;commented;contains;derive;details;empty;encouraging;every;ids;inequality;inspiring;integration;locate;modulo;nine;perform;plus;presentation;radius;reflected;reliably;relying;root;sides;single;state;status;successfully;suited;template;titles;tracked
item_da7a2f63ca6d0a79,x x x x x x x x x x x x x x x x x x x x x x x x x x x x x x x x x x x x x x x x x x x x x x x x x x x x x the,accordingly;action;calculated;comparison;contains;details;empty;encouraging;every;ids;inequality;inspiring;modified;nine;obtain;perform;period;plus;presentation;properly;radius;recognizing;reliably;root;single;state;statement;status;successfully;suited;template;titles;tracked;translated
item_eb6ab204b02632cb,if if if if if if if if if if if if if if if if if if if if if if if if if if if if if if if if if if if if if if if if if if if if if if if if if if if if if the,accordingly;appropriately;calculated;commented;contains;empty;encouraging;every;ids;inequality;inspiring;modified;modulo;nine;obtain;period;plus;presence;presentation;properly;radius;recognizing;related;reliably;roles;root;state;statement;status;suited;template;titles;tracked;twice
item_f7613d66c6d85b15,br sources sources sources sources sources sources sources sources sources sources sources sources sources sources sources sources sources sources sources sources sources sources sources sources sources sources sources sources sources sources sources sources sources sources sources sources sources sources sources sources sources sources sources sources sources sources sources sources sources sources sources sources the,accordingly;appropriately;calculating;commented;contains;details;empty;encouraging;every;filtering;ids;inequality;inspiring;modified;modulo;nine;obtain;period;plus;presentation;properly;radius;recognizing;reliably;root;sides;state;statement;status;suited;template;titles;tracked;twice
item_281d3e8b9282e0ae,2 2 2 2 2 2 2 2 2 2 2 2 2 2 2 2 2 2 2 2 2 2 2 2 2 2 2 2 2 2 2 2 2 2 2 2 2 2 2 2 2 2 2 2 2 2 2 2 2 2 2 2 2 the,accordingly;calculated;commented;comparison;contains;derive;details;empty;encouraging;every;filtering;ids;inequality;inspiring;link;modified;modulo;nine;period;plus;presentation;properly;radius;recognizing;reliably;roles;root;state;statement;status;suited;template;titles;tracked
item_5f0d1a617c6c9590,tool tool tool tool tool tool tool tool tool tool tool tool tool tool tool tool tool tool tool tool tool tool tool tool tool tool tool tool tool tool tool tool tool tool tool tool tool tool tool tool tool the the the the the the the the the the the the the,accordingly;calculated;case;commented;contains;derive;details;empty;encouraging;every;filtering;ids;inequality;modified;modulo;nine;obtain;plus;presentation;properly;radius;reliably;roles;root;sides;state;statement;status;successfully;suited;template;titles;tracked;twice
item_372412bbb365fed7,united united united united united united united united united united united united united united united united united united united united united united united united united united united united united united united united united united united united united united united united united united united united united united united united united united the the the the,accordingly;calculating;contains;details;empty;encouraging;every;ids;inequality;inspiring;looking;modified;modulo;nine;obtain;perform;performance;plus;presence;presentation;properly;radius;recognizing;reliably;roles;root;sides;state;statement;status;suited;template;titles;twice
item_34b6b2392cf74e64,import import import import import import import import import import import import import import import import import import import import import import import import import import import import import import import import import import import import import import import import import import import import import import import import import import import import import from,appropriately;calculated;calculating;commented;contains;details;empty;encouraging;every;filtering;finished;generation;ids;inequality;inspiring;integers;locate;modulo;nine;period;plus;presentation;proceed;properly;radius;reliably;roles;sides;state;statement;status;suited;template;titles
item_2989c93db8a7c560,shares shares shares shares shares shares shares shares shares shares shares shares shares shares shares shares shares shares shares shares shares shares shares shares shares shares shares shares shares shares shares shares shares shares shares shares shares shares shares shares shares shares shares shares shares shares shares shares shares shares shares shares the the,accordingly;adult;commented;comparison;contains;details;empty;encouraging;every;filtering;ids;inequality;inspiring;modified;modulo;nine;obtain;plus;presence;presentation;radius;recognizing;reliably;root;single;state;statement;status;successfully;suited;template;titles;tracked;translated
item_17305cd96c06fcac,25 25 25 25 25 25 25 25 25 25 25 25 25 25 25 25 25 25 25 25 25 25 25 25 25 25 25 25 25 25 25 25 25 25 25 25 25 25 25 25 25 25 25 25 25 25 25 25 25 25 25 25 25 we,accordingly;action;adult;calculated;commented;contains;derive;details;empty;encouraging;every;filtering;ids;inequality;modified;modulo;nine;obtain;period;plus;presence;presentation;properly;radius;reliably;root;single;state;statement;status;suited;template;titles;twice
item_bba52354b96b8370,need need need need need need need need need need need need need need need need need need need need need need need need need need need need need need need need need need need need need need need need need need need need need need need need need need need need need the,accordingly;calculated;calculating;case;commented;contains;empty;encouraging;every;ids;inequality;inspiring;modified;modulo;nine;obtain;period;plus;presentation;properly;radius;recognizing;reliably;roles;root;state;statement;status;successfully;suited;template;titles;tracked;twice
item_5ce54e9859b8adda,them them them them them them them them them them them them them them them them them them them them them them them them them them them them them them them them them them them them them them them them them them them them them them them them them them them them the the,accordingly;appropriately;case;commented;contains;derive;empty;encouraging;every;filtering;ids;inequality;inspiring;modified;modulo;nine;obtain;only;performance;period;plus;presentation;properly;radius;reliably;roles;root;state;statement;status;suited;template;titles;twice
item_b01b9d9e48f8665c,code code code code code code code code code code code code code code code code code code code code code code code code code code code code code code code code code code code code code code code code code code code code code the the the the the the the the the,accordingly;calculated;commented;comparison;contains;details;empty;encouraging;every;filtering;find;ids;inequality;inspiring;modified;modulo;nine;obtain;performance;plus;presence;presentation;properly;radius;reliably;root;sides;since;state;status;suited;template;titles;twice
item_fb50afb6efdf4f48,to to to to to to to to to to to to to to to to to to to to to to to to to to to to to to to to to to to to to to the the the the the the the the the the the the the the the the,accordingly;calculated;calculating;case;commented;contains;derive;empty;encouraging;every;ids;inequality;modulo;nine;obtain;perform;plus;presence;presentation;properly;radius;recognizing;reliably;roles;root;single;state;statement;status;suited;template;titles;tracked;twice
item_1c20a3c4f6b145ce,function function function function function function function function function function function function function function function function function function function function function function function function function function function function function function function function function function function function function function function function function function function function function function function function function function function function the the,accordingly;appropriately;calculated;commented;contains;details;empty;encouraging;every;ids;inequality;modified;modulo;nine;obtain;plus;presence;presentation;properly;radius;recognizing;reliably;roles;root;sides;state;statement;status;successfully;suited;template;titles;tracked;twice
item_a497820b2c5d7da0,elementary elementary elementary elementary elementary elementary elementary elementary elementary elementary elementary elementary elementary elementary elementary elementary elementary elementary elementary elementary elementary elementary elementary elementary elementary elementary elementary elementary elementary elementary elementary elementary elementary elementary elementary elementary elementary elementary elementary elementary elementary elementary elementary elementary elementary elementary elementary elementary elementary elementary elementary elementary elementary elementary,accordingly;areas;contains;empty;encouraging;every;ids;inequality;inspiring;intended;modified;modulo;nine;obtain;period;plus;presence;presentation;properly;radius;reliably;roles;root;session;sides;single;state;statement;status;successfully;suited;template;titles;twice
item_be02fd9bacddb140,skip skip skip skip skip skip skip skip skip skip skip skip skip skip skip skip skip skip skip skip skip skip skip skip skip skip skip skip skip skip skip skip skip skip skip skip skip skip skip skip skip skip skip skip skip skip skip skip skip skip the the the the,accordingly;calculated;commented;contains;details;empty;encouraging;every;filtering;ids;inequality;inspiring;modified;modulo;nine;obtain;period;plus;presentation;properly;radius;related;reliably;root;sides;single;state;statement;status;successfully;suited;template;titles;tracked
item_13967642fbf7db7b,tools tools tools tools tools tools tools tools tools tools tools tools tools tools tools tools tools tools tools tools tools tools tools tools tools tools tools tools tools tools tools tools tools tools tools tools tools tools tools tools tools tools tools tools tools tools tools tools tools tools tools tools tools the,accordingly;answers;calculated;case;commented;contains;derive;details;encouraging;every;filtering;ids;inequality;inspiring;modulo;nine;obtain;plus;presence;presentation;properly;radius;recognizing;reliably;root;sides;single;state;statement;status;suited;template;titles;twice
item_b1d3b821fb4ba4cf,motivational motivational motivational motivational motivational motivational motivational motivational motivational motivational motivational motivational motivational motivational motivational motivational motivational motivational motivational motivational motivational motivational motivational motivational motivational motivational motivational motivational motivational motivational motivational motivational motivational motivational motivational motivational motivational motivational motivational motivational motivational motivational motivational motivational motivational motivational motivational motivational motivational motivational motivational motivational the the,accordingly;added;appropriately;commented;contains;details;empty;encouraging;every;filtering;ids;individual;inequality;inspiring;modified;modulo;nine;obtain;plus;presentation;properly;radius;recognizing;reliably;root;sides;state;statement;status;successfully;suited;template;titles;twice
item_ae2dcafca2b23012,includes includes includes includes includes includes includes includes includes includes includes includes includes includes includes includes includes includes includes includes includes includes includes includes includes includes includes includes includes includes includes includes includes includes includes includes includes includes includes includes includes includes includes includes includes includes includes includes includes includes includes includes includes the,accordingly;appropriately;calculated;commented;contains;details;empty;encouraging;every;filtering;ids;inequality;modified;nine;obtain;period;plus;presence;presentation;properly;radius;recognizing;reliably;root;sides;state;statement;status;successfully;suited;template;titles;tracked;twice
item_79170787d4969f8c,page page page page page page page page page page page page page page page page page page page page page page page page page page page page page page page page page page page page page page page page page page page page page page page page page page page page page the,accordingly;answers;calculated;calculating;commented;contains;empty;encouraging;every;inequality;intended;modified;modulo;nine;obtain;period;plus;presence;presentation;properly;radius;reliably;roles;root;sides;state;statement;status;successfully;suited;template;titles;tracked;twice
item_7d1e34d6c9edf5c4,i the the the the the the the the the the the the the the the the the the the the the the the the the the the the the the the the the the the the the the the the the the the the the the the the the the the the the,accordingly;appropriately;calculated;case;commented;contains;derive;details;empty;encouraging;every;inequality;inspiring;modified;modulo;nine;obtain;plus;presentation;properly;radius;recognizing;reliably;roles;root;single;state;statement;status;suited;template;titles;tracked;twice
item_b5de7f00e74aa613,c c c c c c c c c c c c c c c 50 50 50 50 50 50 50 50 50 50 50 50 50 50 50 50 50 50 50 50 50 50 50 50 50 50 50 50 50 50 50 50 50 50 50 50 50 50 c,accordingly;appropriately;calculated;commented;contains;details;empty;encouraging;every;ids;inequality;inspiring;locate;modified;modulo;nine;period;plus;presence;presentation;properly;radius;recognizing;reliably;relying;roles;root;state;statement;status;suited;template;titles;twice
item_7d22c6ece4d7fcf3,the the the the the the the the the the the the the the the the the the the the the the the the the the the the the the the the the the the the the the the the the the the the the the the the the the the the the the,accordingly;appropriately;contains;derive;details;empty;encouraging;every;ids;inequality;inspiring;modified;modulo;nine;obtain;period;plus;presence;presentation;radius;recognizing;reliably;relying;root;sides;single;state;statement;status;successfully;suited;template;titles;twice
item_d1e690cea070c085,name name name name name name name name name name name name name name name name name name name name name name name name name name name name name name name name name name name name name name name name name name name name name name name name name name name name name the,action;areas;calculated;calculating;commented;contains;derive;empty;encouraging;filtering;ids;inequality;inspiring;integers;modified;modulo;nine;obtain;perform;period;plus;presence;presentation;properly;radius;recognizing;reliably;session;sides;single;status;suited;template;titles
item_842db13f907127dd,from from from from from from from from from from from from from from from from from from from from from from from from from from from from from from from from from from from from from from from from from from from from from from from from from from from from from from,accordingly;adult;align;calculated;contains;derive;details;empty;encouraging;every;filtering;ids;inequality;inspiring;modified;modulo;nine;obtain;period;presentation;properly;radius;reliably;relying;root;sides;state;statement;status;suited;template;titles;toward;translated
item_e4fd924168e59054,emoji emoji emoji emoji emoji emoji emoji emoji emoji emoji emoji emoji emoji emoji emoji emoji emoji emoji emoji emoji emoji emoji emoji emoji emoji emoji emoji emoji emoji emoji emoji emoji emoji emoji emoji emoji emoji emoji emoji emoji emoji emoji emoji emoji emoji emoji emoji emoji emoji emoji emoji emoji emoji emoji,accordingly;adult;calculated;case;commented;definitions;details;empty;encouraging;every;filtering;ids;inequality;inspiring;modified;nine;obtain;performance;period;plus;presence;presentation;properly;radius;recognizing;reliably;relying;root;state;statement;status;suited;template;titles
item_34e7c39de4ec59dc,wait wait wait wait wait wait wait wait wait wait wait wait wait wait wait wait wait wait wait wait wait wait wait wait wait wait wait wait wait wait wait wait wait wait wait wait wait wait wait wait wait wait wait wait wait wait wait wait wait wait wait wait the the,accordingly;calculated;calculating;commented;contains;definitions;details;empty;encouraging;every;filtering;ids;inequality;inspiring;modified;modulo;nine;obtain;plus;presence;presentation;properly;radius;recognizing;reliably;roles;root;state;statement;status;successfully;suited;template;titles
item_6c444b0829adb7e3,standings standings standings standings standings standings standings standings standings standings standings standings standings standings standings standings standings standings standings standings standings standings standings standings standings standings standings standings standings standings standings standings standings standings standings standings standings standings standings standings standings standings standings standings standings standings standings standings standings standings standings standings the the,appropriately;calculated;case;commented;contains;derive;details;empty;encouraging;every;filtering;ids;inequality;inspiring;modified;modulo;nine;obtain;performance;plus;presentation;proceed;properly;radius;reliably;roles;root;state;statement;status;suited;template;titles;twice
item_13a07f3a2c5454c8,function function function function function function function function function function function function function function function function function function function function function function function function function function function function function function function function function function function function function function function function function function function function function function function function function function function function function 1,accordingly;answers;appropriately;commented;derive;details;empty;encouraging;every;ids;inequality;inspiring;locate;modified;nine;obtain;period;plus;presence;presentation;properly;radius;reliably;root;sides;single;state;statement;status;successfully;suited;template;titles;translated
item_8451b39eb2a8b338,includes includes includes includes includes includes includes includes includes includes includes includes includes includes includes includes includes includes includes includes includes includes includes includes includes includes includes includes includes includes includes includes includes includes includes includes includes includes includes includes includes includes includes includes includes includes includes includes includes includes includes includes the the,accordingly;calculated;case;commented;contains;derive;empty;encouraging;every;filtering;ids;inequality;inspiring;intended;modified;modulo;nine;period;plus;presentation;radius;related;reliably;relying;roles;sides;single;state;statement;status;successfully;suited;template;titles
item_6e144291fff15050,company company company company company company company company company company company company company company company company company company company company company company company company company company company company company company company company company company company company company company company company company company company company company company company company company company company company the the,accordingly;calculated;commented;contains;derive;empty;encouraging;every;filtering;ids;inequality;inspiring;intended;modified;modulo;nine;obtain;performance;period;plus;presentation;properly;radius;recognizing;reliably;root;state;statement;status;successfully;suited;template;titles;twice
item_81fc08633f66d62b,current current current current current current current current current current current current current current current current current current current current current current current current current current current current current current current current current current current current current current current current current current current current current current current current current current current current the the,accordingly;appropriately;calculated;case;commented;contains;derive;details;empty;encouraging;every;filtering;inequality;modified;modulo;nine;obtain;period;plus;presentation;properly;radius;recognizing;reliably;roles;root;single;state;statement;status;suited;template;titles;twice
item_36ee40c7e6df8462,i the the the the the the the the the the the the the the the the the the the the the the the the the the the the the the the the the the the the the the the the the the the the the the the the the the the the the,accordingly;areas;calculated;commented;contains;empty;encouraging;every;ids;inequality;inspiring;locate;modified;modulo;nine;obtain;performance;plus;pool;presence;presentation;properly;radius;recognizing;reliably;roles;root;state;statement;status;suited;template;titles;twice
item_c62603774f7b95f6,name name name name name name name name name name name name name name name name name name name name name name name name name name name name name name name name name name name name name name name name name name name name name name name name name name name name name the,accordingly;calculated;case;commented;contains;details;empty;encouraging;every;filtering;ids;inequality;inspiring;modified;modulo;nine;obtain;plus;presence;presentation;properly;radius;recognizing;reliably;root;single;state;statement;status;successfully;suited;template;titles;tracked
item_a4f62f2f759dacd4,need need need need need need need need need need need need need need need need need need need need need need need need need need need need need need need need need need need need need need need need need need need need need need need need need need need need need the,accordingly;calculated;case;commented;contains;empty;encouraging;every;filtering;ids;inequality;inspiring;modified;modulo;nine;obtain;period;plus;pool;presence;presentation;properly;radius;recognizing;reliably;roles;root;state;statement;status;suited;template;titles;twice
item_b633dcaeb9e639c3,cooling cooling cooling cooling cooling cooling cooling cooling cooling cooling cooling cooling cooling cooling cooling cooling cooling cooling cooling cooling cooling cooling cooling cooling cooling cooling cooling cooling cooling cooling cooling cooling cooling cooling cooling cooling cooling cooling cooling cooling cooling cooling cooling cooling cooling cooling cooling cooling cooling cooling cooling cooling the the,accordingly;areas;calculating;contains;derive;details;empty;encouraging;every;ids;inequality;inspiring;modified;nine;obtain;performance;period;plus;presentation;properly;radius;reliably;relying;session;sides;state;statement;status;suited;template;titles;tracked;twice;whats
item_ff0614ced534b349,angle angle angle angle angle angle angle angle angle angle angle angle angle angle angle angle angle angle angle angle angle angle angle angle angle angle angle angle angle angle angle angle angle angle angle angle angle angle angle angle angle angle angle angle angle angle angle angle angle angle angle angle angle abd,accordingly;calculated;commented;contains;derive;details;empty;encouraging;every;filtering;ids;inequality;inspiring;modified;nine;period;plus;presence;presentation;properly;radius;recognizing;reliably;roles;root;sides;single;state;statement;status;suited;template;titles;twice
item_7f79f39f916a28b6,region region region region region region region region region region region region region region region region region region region region region region region region region region region region region region region region region region region region region region region region region region region region region region region region region region region region the the,accordingly;appropriately;calculated;case;commented;contains;details;empty;encouraging;every;inequality;inspiring;modified;modulo;nine;obtain;period;plus;presentation;properly;radius;reliably;roles;root;sides;single;state;statement;status;structures;suited;template;titles;twice
item_f6cc08c5c22edf12,the the the the category category category category category category category category category category category category category category category category category category category category category category category category category category category category category category category category category category category category category category category category category category category category category category category category the the,accordingly;added;commented;contains;details;empty;encouraging;every;ids;inequality;modulo;nine;obtain;perform;performance;period;plus;presence;presentation;properly;radius;recognizing;reliably;roles;root;state;statement;status;suited;template;titles;tracked;translated;twice
item_69ec2887600eae8e,license license license license license license license license license license license license license license license license license license license license license license license license license license license license license license license license license license license license license license license license license license license license license license license license license license license license license the,accordingly;appropriately;contains;details;empty;encouraging;every;examined;find;ids;inequality;inspiring;intended;looking;modified;modulo;nine;performance;plus;presence;presentation;radius;recognizing;reliably;roles;root;session;state;statement;status;suited;template;titles;twice
item_c5ce0c7a1b01e7ee,if if if if if if if if if if if if if if if if if if if if if if if if if if if if if if if if if if if if if if if if if if if if if if if if if if if if if if,accordingly;action;calculating;commented;contains;details;empty;encouraging;every;examined;ids;inequality;inspiring;locate;looking;modified;modulo;nine;obtain;perform;period;plus;presence;presentation;radius;related;reliably;state;status;successfully;suited;template;titles;twice
item_658b5cb4d1e47802,company company company company company company company company company company company company company company company company company company company company company company company company company company company company company company company company company company company company company company company company company company company company company company company company company company company company company the,accordingly;areas;calculated;commented;contains;derive;empty;encouraging;every;filtering;ids;inequality;inspiring;looking;modified;modulo;nine;obtain;plus;pool;presentation;radius;recognizing;reliably;root;state;statement;status;successfully;suited;template;titles;tracked;twice
item_bba5a1bea0608081,city city city city city city city city city city city city city city city city city city city city city city city city city city city city city city city city city city city city city city city city city city city city city city city city city city city city city is,accordingly;answers;areas;calculated;commented;contains;derive;empty;encouraging;every;ids;individual;inequality;link;modified;modulo;nine;pattern;perform;period;plus;presentation;properly;radius;reliably;roles;root;statement;status;suited;template;titles;tracked;twice
item_129384e90f5c3713,asy conditional conditional conditional conditional conditional conditional conditional conditional conditional conditional conditional conditional conditional conditional conditional conditional conditional conditional conditional conditional conditional conditional conditional conditional conditional conditional conditional conditional conditional conditional conditional conditional conditional conditional conditional conditional conditional conditional conditional conditional conditional conditional conditional conditional conditional conditional conditional conditional conditional conditional conditional conditional the,accordingly;areas;calculated;calculating;commented;comparison;contains;details;empty;encouraging;every;filtering;ids;inequality;inspiring;modified;modulo;nine;obtain;plus;presence;presentation;radius;recognizing;reliably;roles;root;state;statement;status;suited;template;titles;twice
item_828bf5eedbb77fee,alex boolean boolean boolean boolean boolean boolean boolean boolean boolean boolean boolean boolean boolean boolean boolean boolean boolean boolean boolean boolean boolean boolean boolean boolean boolean boolean boolean boolean boolean boolean boolean boolean boolean boolean boolean boolean boolean boolean boolean boolean boolean boolean boolean boolean boolean boolean boolean boolean boolean boolean boolean boolean to,accordingly;commented;contains;derive;details;empty;generation;ids;inequality;inspiring;locate;modified;nine;obtain;performance;period;plus;presence;presentation;properly;radius;recognizing;reflected;reliably;relying;roles;root;state;statement;status;suited;template;text;titles
item_b4e752758693696a,the character character character character character character character character character character character character character character character character character character character character character character character character character character character character character character character character character character character character character character character character character character character character character character character character the the the the the,accordingly;appropriately;calculating;case;commented;contains;derive;details;empty;encouraging;ids;inequality;modified;modulo;nine;obtain;period;plus;presentation;properly;radius;recognizing;reliably;relying;root;sides;single;statement;status;suited;template;titles;translated;twice
item_e6fb20ebb2888220,general general general general general general general general general general general general general general general general general general general general general general general general general general general general general general general general general general general general general general general general general general general general general general general general general general general general general the,accordingly;areas;commented;comparison;contains;derive;details;empty;encouraging;every;ids;inequality;inspiring;link;modified;modulo;nine;obtain;plus;presence;presentation;properly;radius;reliably;roles;root;state;statement;status;successfully;suited;template;titles;twice
item_2e6d0c8dead61d80,function function function function function function function function function function function function function function function function function function function function function function function function function function function function function function function function function function function function function function function function function function function function function function function function function function function function function the,accordingly;appropriately;calculated;commented;contains;details;empty;encouraging;every;ids;inequality;inspiring;modified;modulo;nine;obtain;plus;presence;presentation;properly;radius;recognizing;reliably;root;single;state;statement;status;successfully;suited;template;titles;tracked;twice
